taxon_id,scientific_name,common_name,rounded_gRank,NE_sRank,SD_sRank,usfws_status,r2_ss_list,sd_te,nebraska_swap,NENHP_nObs,NENHP_minYear,NENHP_maxYear,SDNHP_nObs,SDNHP_minYear,SDNHP_maxYear,SEI_nObs,SEI_minYear,SEI_maxYear,GBIF_nObs,GBIF_minYear,GBIF_maxYear,iDB_nObs,iDB_minYear,iDB_maxYear,IMBCR_nObs,IMBCR_minYear,IMBCR_maxYear,sum_nObs,kingdom,phylum,class,order,family,genus,species,subspecies,variety,form,Most Recent Occurrence Record,Is the Species Native and Known to Occur,"What is the rationale and supporting BASI for recommending that an observation does not meet the requirements of native to, and known to occur in the plan area?"
2427062,Lithobates blairi,Plains Leopard Frog,G5,S5,S2,NA,USFS R2 Sensitive Species,NA,NA,0,NA,NA,1,Inf,1994,0,NA,NA,0,NA,NA,0,NA,NA,0,NA,NA,1,Animalia,Chordata,Amphibia,Anura,Ranidae,Lithobates,Lithobates blairi,NA,NA,NA,1994,"No, there is insufficient spatial certainty that the observation occurred within the plan area",Does the unit have more info on this species?  South Dakota statewide survey 2004 shows occurnace of this species only on Southeast part of the area.
2427185,Lithobates pipiens,Northern Leopard Frog,G5,S3,S5,NA,USFS R2 Sensitive Species,NA,Tier 2,1,1893,1893,0,NA,NA,0,NA,NA,24,2017,2021,10,2017,2021,0,NA,NA,35,Animalia,Chordata,Amphibia,Anura,Ranidae,Lithobates,Lithobates pipiens,NA,NA,NA,NA,Yes,NA
2480589,Accipiter atricapillus,American Goshawk,G5,SNRN,"S2B,SNRN",NA,USFS R2 Sensitive Species,NA,NA,0,NA,NA,0,NA,NA,0,NA,NA,1,2020,2020,0,NA,NA,0,NA,NA,1,Animalia,Chordata,Aves,Accipitriformes,Accipitridae,Accipiter,Accipiter gentilis,NA,NA,NA,2020,Yes,NA
2482032,Aechmophorus clarkii,Clark's Grebe,G5,S2,S2B,NA,NA,NA,Tier 2,0,NA,NA,0,NA,NA,0,NA,NA,1,2015,2015,0,NA,NA,0,NA,NA,1,Animalia,Chordata,Aves,Podicipediformes,Podicipedidae,Aechmophorus,Aechmophorus clarkii,NA,NA,NA,2021,"No, the species is accidental or transient to the plan area",Only one record during pre-breeding migration period
2491123,Ammodramus savannarum,Grasshopper Sparrow,G5,S4,S4B,NA,USFS R2 Sensitive Species,NA,NA,0,NA,NA,0,NA,NA,0,NA,NA,413,1987,2022,1,2014,2014,6299,2009,2023,6713,Animalia,Chordata,Aves,Passeriformes,Passerellidae,Ammodramus,Ammodramus savannarum,NA,NA,NA,NA,Yes,NA
2490268,Anthus spragueii,Sprague's Pipit,G3,SNRN,S2B,NA,NA,NA,Tier 1,0,NA,NA,2,1997,1997,0,NA,NA,38,2004,2022,0,NA,NA,0,NA,NA,40,Animalia,Chordata,Aves,Passeriformes,Motacillidae,Anthus,Anthus spragueii,NA,NA,NA,NA,Yes,NA
2497295,Asio flammeus,Short-eared Owl,G5,S2,"S3B,S3N",NA,USFS R2 Sensitive Species,NA,Tier 1,0,NA,NA,0,NA,NA,0,NA,NA,47,1983,2022,1,2008,2008,43,2009,2020,91,Animalia,Chordata,Aves,Strigiformes,Strigidae,Asio,Asio flammeus,NA,NA,NA,NA,Yes,NA
2497240,Athene cunicularia,Burrowing Owl,G4,S2,S3B,NA,USFS R2 Sensitive Species,NA,Tier 1,14,1992,2007,87,1991,2017,0,NA,NA,183,1990,2022,0,NA,NA,22,2012,2023,306,Animalia,Chordata,Aves,Strigiformes,Strigidae,Athene,Athene cunicularia,NA,NA,NA,NA,Yes,NA
2480566,Buteo regalis,Ferruginous Hawk,G4,S2,S3B,NA,USFS R2 Sensitive Species,NA,Tier 1,5,1984,2007,23,1979,2011,0,NA,NA,123,1990,2022,0,NA,NA,4,2011,2012,155,Animalia,Chordata,Aves,Accipitriformes,Accipitridae,Buteo,Buteo regalis,NA,NA,NA,NA,Yes,NA
2491893,Calamospiza melanocorys,Lark Bunting,G5,S4,S5B,NA,USFS R2 Sensitive Species,NA,NA,0,NA,NA,0,NA,NA,0,NA,NA,462,1901,2022,11,1901,2014,1388,2009,2023,1861,Animalia,Chordata,Aves,Passeriformes,Passerellidae,Calamospiza,Calamospiza melanocorys,NA,NA,NA,NA,Yes,NA
2491677,Calcarius ornatus,Chestnut-collared Longspur,G5,S3,S4B,NA,USFS R2 Sensitive Species,NA,Tier 1,0,NA,NA,0,NA,NA,0,NA,NA,58,1882,2022,0,NA,NA,60,2009,2022,118,Animalia,Chordata,Aves,Passeriformes,Calcariidae,Calcarius,Calcarius ornatus,NA,NA,NA,NA,Yes,NA
8292425,Calidris subruficollis,Buff-breasted Sandpiper,G4,S2N,SNA,NA,NA,NA,Tier 1,0,NA,NA,0,NA,NA,0,NA,NA,1,2020,2020,0,NA,NA,0,NA,NA,1,Animalia,Chordata,Aves,Charadriiformes,Scolopacidae,Calidris,Calidris subruficollis,NA,NA,NA,2020,"No, the species is accidental or transient to the plan area",Only one record during post-breeding migration period
5959240,Centrocercus urophasianus,Greater Sage-Grouse,G3,SX,S2,NA,USFS R2 Sensitive Species,NA,NA,1,1987,1987,0,NA,NA,0,NA,NA,1,2016,2016,0,NA,NA,0,NA,NA,2,Animalia,Chordata,Aves,Galliformes,Phasianidae,Centrocercus,Centrocercus urophasianus,NA,NA,NA,2016,Yes,NA
10783710,Centronyx bairdii,Baird's Sparrow,G4,SNRN,S2B,NA,NA,NA,Tier 1,0,NA,NA,5,1978,1997,0,NA,NA,13,2009,2019,0,NA,NA,17,2009,2019,35,Animalia,Chordata,Aves,Passeriformes,Passerellidae,Centronyx,Centronyx bairdii,NA,NA,NA,NA,Yes,NA
10850807,Centronyx henslowii,Henslow's Sparrow,G4,S1,S1B,NA,NA,NA,Tier 1,0,NA,NA,0,NA,NA,0,NA,NA,5,2012,2020,0,NA,NA,7,2023,2023,12,Animalia,Chordata,Aves,Passeriformes,Passerellidae,Centronyx,Centronyx henslowii,NA,NA,NA,NA,Yes,NA
9581157,Certhia americana,Brown Creeper,G5,S2,"S2B,SNRN",NA,NA,NA,Tier 2,1,1992,1992,0,NA,NA,0,NA,NA,14,1992,2022,0,NA,NA,3,2017,2023,18,Animalia,Chordata,Aves,Passeriformes,Certhiidae,Certhia,Certhia americana,NA,NA,NA,NA,Yes,NA
2480283,Charadrius melodus,Piping Plover,G3,S2,S3B,Endangered; Threatened,NA,NA,Tier 1,0,NA,NA,0,NA,NA,0,NA,NA,1,2021,2021,0,NA,NA,0,NA,NA,1,Animalia,Chordata,Aves,Charadriiformes,Charadriidae,Charadrius,Charadrius melodus,NA,NA,NA,2021,Yes,ESA-listed as Threatened.  Will be addressed in TES.
2481119,Chlidonias niger,Black Tern,G4,S1,S3B,NA,USFS R2 Sensitive Species,NA,Tier 1,0,NA,NA,4,1993,1997,0,NA,NA,22,2009,2022,0,NA,NA,7,2011,2021,33,Animalia,Chordata,Aves,Charadriiformes,Laridae,Chlidonias,Chlidonias niger,NA,NA,NA,NA,Yes,NA
9606873,Cinclus mexicanus,American Dipper,G5,SNRN,S2,NA,NA,Threatened,NA,0,NA,NA,0,NA,NA,0,NA,NA,1,1982,1982,0,NA,NA,0,NA,NA,1,Animalia,Chordata,Aves,Passeriformes,Cinclidae,Cinclus,Cinclus mexicanus,NA,NA,NA,1982,"No, the species is accidental or transient to the plan area",Species is a rare migrant
2480487,Circus hudsonius,Northern Harrier,G5,S4,S5B,NA,USFS R2 Sensitive Species,NA,NA,1,1966,1966,0,NA,NA,0,NA,NA,308,1976,2022,0,NA,NA,34,2009,2023,343,Animalia,Chordata,Aves,Accipitriformes,Accipitridae,Circus,Circus cyaneus,NA,NA,NA,NA,Yes,NA
2496286,Coccyzus erythropthalmus,Black-billed Cuckoo,G5,S3,S4B,NA,NA,NA,Tier 1,0,NA,NA,0,NA,NA,0,NA,NA,6,1957,2022,1,1957,1957,1,2016,2016,8,Animalia,Chordata,Aves,Cuculiformes,Cuculidae,Coccyzus,Coccyzus erythropthalmus,NA,NA,NA,NA,Yes,NA
5229743,Contopus cooperi,Olive-sided Flycatcher,G4,SNRN,SUB,NA,USFS R2 Sensitive Species,NA,NA,0,NA,NA,0,NA,NA,0,NA,NA,3,2020,2020,0,NA,NA,0,NA,NA,3,Animalia,Chordata,Aves,Passeriformes,Tyrannidae,Contopus,Contopus cooperi,NA,NA,NA,2020,"No, the species is accidental or transient to the plan area",Three records during pre-breeding migration period
2482492,Corvus corax,Common Raven,G5,"SXB,S1N",SX,NA,NA,NA,NA,0,NA,NA,0,NA,NA,0,NA,NA,1,Inf,-Inf,0,NA,NA,0,NA,NA,1,Animalia,Chordata,Aves,Passeriformes,Corvidae,Corvus,Corvus corax,NA,NA,NA,NA,Yes,NA
2498345,Cygnus buccinator,Trumpeter Swan,G4,S2,"S3B,S3N",NA,USFS R2 Sensitive Species,NA,Tier 2,6,2003,2023,0,NA,NA,0,NA,NA,32,1984,2022,0,NA,NA,1,2020,2020,39,Animalia,Chordata,Aves,Anseriformes,Anatidae,Cygnus,Cygnus buccinator,NA,NA,NA,NA,Yes,NA
9813242,Falco columbarius,Merlin,G5,S1,"S2B,SNRN",NA,NA,NA,Tier 2,4,1980,1991,0,NA,NA,0,NA,NA,22,1983,2022,0,NA,NA,0,NA,NA,26,Animalia,Chordata,Aves,Falconiformes,Falconidae,Falco,Falco columbarius,NA,NA,NA,NA,Yes,NA
2481000,Falco mexicanus,Prairie Falcon,G5,S2,"S2B,SNRN",NA,NA,NA,Tier 2,9,1972,1986,4,1983,1988,0,NA,NA,91,1990,2022,0,NA,NA,2,2009,2021,106,Animalia,Chordata,Aves,Falconiformes,Falconidae,Falco,Falco mexicanus,NA,NA,NA,NA,Yes,NA
2481047,Falco peregrinus,Peregrine Falcon,G4,S1,S1B,NA,NA,Threatened,Tier 2,1,1996,1996,0,NA,NA,0,NA,NA,6,2009,2022,0,NA,NA,0,NA,NA,7,Animalia,Chordata,Aves,Falconiformes,Falconidae,Falco,Falco peregrinus,NA,NA,NA,NA,Yes,NA
2474941,Grus americana,Whooping Crane,G1,S1,S1M,"Endangered; Experimental population, non-essential",NA,NA,Tier 1,1,1974,1974,5,1982,2015,0,NA,NA,1,2020,2020,0,NA,NA,0,NA,NA,7,Animalia,Chordata,Aves,Gruiformes,Gruidae,Grus,Grus americana,NA,NA,NA,NA,Yes,NA
5229498,Gymnorhinus cyanocephalus,Pinyon Jay,G3,S3,"S4B,S4N",Under Review,USFS R2 Sensitive Species,NA,Tier 1,1,2006,2006,0,NA,NA,0,NA,NA,2,2017,2021,0,NA,NA,1,2012,2012,4,Animalia,Chordata,Aves,Passeriformes,Corvidae,Gymnorhinus,Gymnorhinus cyanocephalus,NA,NA,NA,2021,Yes,NA
2490872,Hylocichla mustelina,Wood Thrush,G4,S3,S1B,NA,NA,NA,Tier 1,0,NA,NA,0,NA,NA,0,NA,NA,1,2016,2016,0,NA,NA,0,NA,NA,1,Animalia,Chordata,Aves,Passeriformes,Turdidae,Hylocichla,Hylocichla mustelina,NA,NA,NA,2016,Yes,NA
2492870,Lanius ludovicianus,Loggerhead Shrike,G4,S3,S3B,NA,USFS R2 Sensitive Species,NA,Tier 1,0,NA,NA,1,1992,1992,0,NA,NA,181,1976,2022,1,1985,1985,16,2011,2023,199,Animalia,Chordata,Aves,Passeriformes,Laniidae,Lanius,Lanius ludovicianus,NA,NA,NA,NA,Yes,NA
2481672,Limnodromus griseus,Short-billed Dowitcher,G3,SNRN,SNA,NA,NA,NA,NA,0,NA,NA,0,NA,NA,0,NA,NA,1,2010,2010,0,NA,NA,0,NA,NA,1,Animalia,Chordata,Aves,Charadriiformes,Scolopacidae,Limnodromus,Limnodromus griseus,NA,NA,NA,2017,"No, the species is accidental or transient to the plan area",Rare migrant
2498155,Mareca americana,American Wigeon,G5,S2,S4B,NA,NA,NA,Tier 2,0,NA,NA,0,NA,NA,0,NA,NA,119,1988,2022,0,NA,NA,30,2010,2023,149,Animalia,Chordata,Aves,Anseriformes,Anatidae,Mareca,Mareca americana,NA,NA,NA,NA,Yes,NA
2478142,Melanerpes lewis,Lewis's Woodpecker,G4,S1,S2,NA,USFS R2 Sensitive Species,NA,Tier 2,3,1985,2001,0,NA,NA,0,NA,NA,5,1999,2020,0,NA,NA,11,2017,2021,19,Animalia,Chordata,Aves,Piciformes,Picidae,Melanerpes,Melanerpes lewis,NA,NA,NA,NA,Yes,NA
2490849,Myadestes townsendi,Townsend's Solitaire,G5,S2,"S4B,S4N",NA,NA,NA,Tier 2,0,NA,NA,0,NA,NA,0,NA,NA,61,1982,2022,0,NA,NA,1,2013,2013,62,Animalia,Chordata,Aves,Passeriformes,Turdidae,Myadestes,Myadestes townsendi,NA,NA,NA,NA,Yes,NA
2481794,Numenius americanus,Long-billed Curlew,G4,S3,S3B,NA,USFS R2 Sensitive Species,NA,Tier 1,11,1973,2009,20,1971,2012,0,NA,NA,109,1966,2022,0,NA,NA,147,2009,2023,287,Animalia,Chordata,Aves,Charadriiformes,Scolopacidae,Numenius,Numenius americanus,NA,NA,NA,NA,Yes,NA
2494973,Oreoscoptes montanus,Sage Thrasher,G4,S1B,S1B,NA,NA,NA,NA,0,NA,NA,3,1970,2012,0,NA,NA,13,1901,2015,1,1901,1901,0,NA,NA,17,Animalia,Chordata,Aves,Passeriformes,Mimidae,Oreoscoptes,Oreoscoptes montanus,NA,NA,NA,NA,Yes,NA
2480726,Pandion haliaetus,Osprey,G5,SNRN,S3B,NA,NA,Threatened,NA,0,NA,NA,0,NA,NA,0,NA,NA,19,1986,2022,0,NA,NA,0,NA,NA,19,Animalia,Chordata,Aves,Accipitriformes,Pandionidae,Pandion,Pandion haliaetus,NA,NA,NA,NA,Yes,NA
5229487,Pica hudsonia,Black-billed Magpie,G5,S2,S4,NA,NA,NA,Tier 1,0,NA,NA,0,NA,NA,0,NA,NA,79,1978,2022,0,NA,NA,27,2011,2023,106,Animalia,Chordata,Aves,Passeriformes,Corvidae,Pica,Pica hudsonia,NA,NA,NA,NA,Yes,NA
2489129,Progne subis,Purple Martin,G5,S4,S5B,NA,USFS R2 Sensitive Species,NA,NA,0,NA,NA,0,NA,NA,0,NA,NA,3,1976,2022,0,NA,NA,0,NA,NA,3,Animalia,Chordata,Aves,Passeriformes,Hirundinidae,Progne,Progne subis,NA,NA,NA,2022,Yes,NA
6093927,Rhynchophanes mccownii,Thick-billed Longspur,G4,S3,SHB,NA,USFS R2 Sensitive Species,NA,Tier 1,0,NA,NA,0,NA,NA,0,NA,NA,4,1995,2014,0,NA,NA,0,NA,NA,4,Animalia,Chordata,Aves,Passeriformes,Calcariidae,Rhynchophanes,Rhynchophanes mccownii,NA,NA,NA,2014,Yes,NA
9345027,Spatula cyanoptera,Cinnamon Teal,G5,S1,S4B,NA,NA,NA,Tier 2,0,NA,NA,0,NA,NA,0,NA,NA,12,2005,2022,0,NA,NA,0,NA,NA,12,Animalia,Chordata,Aves,Anseriformes,Anatidae,Spatula,Spatula cyanoptera,NA,NA,NA,NA,Yes,NA
2492099,Spizella breweri,Brewer's Sparrow,G5,S1,S2B,NA,USFS R2 Sensitive Species,NA,Tier 1,0,NA,NA,4,1970,2010,0,NA,NA,58,1985,2022,2,1985,2014,4,2021,2021,68,Animalia,Chordata,Aves,Passeriformes,Passerellidae,Spizella,Spizella breweri,NA,NA,NA,NA,Yes,NA
5229247,Sterna forsteri,Forster's Tern,G5,S2,S4B,NA,NA,NA,Tier 2,0,NA,NA,0,NA,NA,0,NA,NA,10,2010,2021,0,NA,NA,0,NA,NA,10,Animalia,Chordata,Aves,Charadriiformes,Laridae,Sterna,Sterna forsteri,NA,NA,NA,NA,Yes,NA
2473510,Tympanuchus cupido,Greater Prairie-Chicken,G4,S3,S4,NA,USFS R2 Sensitive Species,NA,Tier 2,0,NA,NA,0,NA,NA,0,NA,NA,212,1974,2022,7,1996,2012,308,2009,2023,527,Animalia,Chordata,Aves,Galliformes,Phasianidae,Tympanuchus,Tympanuchus cupido,NA,NA,NA,NA,Yes,NA
9353154,Vireo plumbeus,Plumbeous Vireo,G5,S2,S4B,NA,NA,NA,Tier 2,1,2006,2006,0,NA,NA,0,NA,NA,15,2010,2021,0,NA,NA,16,2009,2021,32,Animalia,Chordata,Aves,Passeriformes,Vireonidae,Vireo,Vireo plumbeus,NA,NA,NA,NA,Yes,NA
2432479,Corynorhinus townsendii,Townsend's Big-eared Bat,G4,S1,S2,NA,USFS R2 Sensitive Species,NA,Tier 2,0,NA,NA,4,2004,2004,0,NA,NA,0,NA,NA,0,NA,NA,0,NA,NA,4,Animalia,Chordata,Mammalia,Chiroptera,Vespertilionidae,Corynorhinus,Corynorhinus townsendii,NA,NA,NA,2004,Yes,2 records in 2004 in Buffalo Gap NG. Captured a bat over a pond for one of the records.  Captures were made on 8/16 and 8/28.
2437232,Cynomys ludovicianus,Black-tailed Prairie Dog,G4,S3,S4,NA,USFS R2 Sensitive Species,NA,Tier 2,0,NA,NA,0,NA,NA,0,NA,NA,33,1972,2023,9,Inf,-Inf,0,NA,NA,42,Animalia,Chordata,Mammalia,Rodentia,Sciuridae,Cynomys,Cynomys ludovicianus,NA,NA,NA,NA,Yes,NA
2432341,Lasionycteris noctivagans,Silver-haired Bat,G3,S3,S3,NA,NA,NA,Tier 1,7,1988,2015,18,2005,2016,0,NA,NA,2,2000,2013,2,2000,2013,0,NA,NA,29,Animalia,Chordata,Mammalia,Chiroptera,Vespertilionidae,Lasionycteris,Lasionycteris noctivagans,NA,NA,NA,NA,Yes,NA
5218543,Lasiurus borealis,Eastern Red Bat,G3,S3,S5,NA,NA,NA,Tier 1,4,1994,2016,0,NA,NA,0,NA,NA,4,2000,2000,4,2000,2000,0,NA,NA,12,Animalia,Chordata,Mammalia,Chiroptera,Vespertilionidae,Lasiurus,Lasiurus borealis,NA,NA,NA,NA,Yes,NA
11138256,Lasiurus cinereus,Northern Hoary Bat,G3,S3,S5,NA,USFS R2 Sensitive Species,NA,Tier 1,2,1999,2016,0,NA,NA,0,NA,NA,6,2000,2001,0,NA,NA,0,NA,NA,8,Animalia,Chordata,Mammalia,Chiroptera,Vespertilionidae,Aeorestes,Aeorestes cinereus,NA,NA,NA,NA,Yes,NA
2433727,Lontra canadensis,North American River Otter,G5,S4,S3,NA,USFS R2 Sensitive Species,NA,NA,0,NA,NA,2,2003,2003,0,NA,NA,0,NA,NA,0,NA,NA,0,NA,NA,2,Animalia,Chordata,Mammalia,Carnivora,Mustelidae,Lontra,Lontra canadensis,NA,NA,NA,2014,"No, there is insufficient spatial certainty that the observation occurred within the plan area","Will need to have discussions with RO and the States on ""Native to"".  Need some input from the unit on the South Dakota Record (Confirm data on the individuals from Minnesota) Nebraska records are outside of the plan area.  Otter ranges (along rivers) are right ourise of plan area."
5218985,Mustela nigripes,Black-footed Ferret,G1,SH,S1,"Endangered; Experimental population, non-essential",NA,NA,NA,0,NA,NA,8,1953,2019,0,NA,NA,0,NA,NA,0,NA,NA,0,NA,NA,8,Animalia,Chordata,Mammalia,Carnivora,Mustelidae,Mustela,Mustela nigripes,NA,NA,NA,NA,Yes,NA
2432406,Myotis lucifugus,Little Brown Myotis,G3,SNR,S5,Under Review,NA,NA,Tier 1,5,1957,2015,0,NA,NA,0,NA,NA,4,2012,2013,0,NA,NA,0,NA,NA,9,Animalia,Chordata,Mammalia,Chiroptera,Vespertilionidae,Myotis,Myotis lucifugus,NA,NA,NA,NA,Yes,NA
2432436,Myotis septentrionalis,Northern Myotis,G2,S1,S2,Endangered,NA,NA,Tier 1,0,NA,NA,15,1994,2016,0,NA,NA,0,NA,NA,0,NA,NA,0,NA,NA,15,Animalia,Chordata,Mammalia,Chiroptera,Vespertilionidae,Myotis,Myotis septentrionalis,NA,NA,NA,NA,Yes,NA
2432399,Myotis thysanodes,Fringed Myotis,G4,SNR,S2,NA,USFS R2 Sensitive Species,NA,NA,0,NA,NA,0,NA,NA,0,NA,NA,1,2012,2012,1,2012,2012,0,NA,NA,2,Animalia,Chordata,Mammalia,Chiroptera,Vespertilionidae,Myotis,Myotis thysanodes,NA,NA,NA,2012,Yes,Museum specimen collected in 2012.  Collection data is 8/2 and not likely migrating.  It is at the very edge of the species range.
4266351,Myotis thysanodes pahasapensis,Fringe-tailed Myotis,T3,S1,S2,NA,NA,NA,Tier 1,5,2004,2016,10,2005,2016,0,NA,NA,0,NA,NA,0,NA,NA,0,NA,NA,15,Animalia,Chordata,Mammalia,Chiroptera,Vespertilionidae,Myotis,Myotis thysanodes,Myotis thysanodes pahasapensis,NA,NA,NA,Yes,NA
2432411,Myotis volans,Long-legged Myotis,G4,S1,S5,NA,NA,NA,Tier 2,3,1995,2004,0,NA,NA,0,NA,NA,1,Inf,-Inf,0,NA,NA,0,NA,NA,4,Animalia,Chordata,Mammalia,Chiroptera,Vespertilionidae,Myotis,Myotis volans,NA,NA,NA,2012,Yes,"The last observation was 2012.  There is a record of lactating female in 2004.  At least 3 good records, one is little questionable."
2437432,Neotamias minimus,Least Chipmunk,G5,S1,S5,NA,NA,NA,Tier 2,9,1989,1994,0,NA,NA,0,NA,NA,13,1934,1984,1,1984,1984,0,NA,NA,23,Animalia,Chordata,Mammalia,Rodentia,Sciuridae,Tamias,Tamias minimus,NA,NA,NA,NA,Yes,NA
2441119,Ovis canadensis,Bighorn Sheep,G4,S2,S4,NA,NA,NA,Tier 1,0,NA,NA,0,NA,NA,0,NA,NA,30,2006,2020,0,NA,NA,0,NA,NA,30,Animalia,Chordata,Mammalia,Artiodactyla,Bovidae,Ovis,Ovis canadensis,NA,NA,NA,NA,Yes,NA
2439561,Perognathus fasciatus,Olive-backed Pocket Mouse,G5,S1,S4,NA,NA,NA,Tier 2,0,NA,NA,0,NA,NA,0,NA,NA,1,2002,2002,1,2002,2002,0,NA,NA,2,Animalia,Chordata,Mammalia,Rodentia,Heteromyidae,Perognathus,Perognathus fasciatus,NA,NA,NA,2002,Yes,I could find only one record from iDigbio.  Museum specimen collected in 2002.  The record has lat/long.
2439566,Perognathus flavus,Silky Pocket Mouse,G5,S1,SU,NA,NA,NA,Tier 2,0,NA,NA,0,NA,NA,0,NA,NA,0,NA,NA,1,Inf,-Inf,0,NA,NA,1,Animalia,Chordata,Mammalia,Rodentia,Heteromyidae,Perognathus,Perognathus flavus,NA,NA,NA,NA,Yes,NA
2435099,Puma concolor,Cougar,G5,S1,S2,NA,NA,NA,Tier 2,1,1991,1991,0,NA,NA,0,NA,NA,1,Inf,-Inf,0,NA,NA,0,NA,NA,2,Animalia,Chordata,Mammalia,Carnivora,Felidae,Puma,Puma concolor,NA,NA,NA,1991,Yes,"Need unit input or provide more info.  Small portion of EO polygon overlaps with the plan area. Cougers are recolonizing the area, and Nebraska NF is part of the Pineridge area which has a level of abundance for a small harvest."
2436108,Sorex nanus,Dwarf Shrew,G4,S1,S1,NA,NA,NA,Tier 2,1,2004,2004,1,1970,1970,0,NA,NA,0,NA,NA,0,NA,NA,0,NA,NA,2,Animalia,Chordata,Mammalia,Soricomorpha,Soricidae,Sorex,Sorex nanus,NA,NA,NA,2004,Yes,NA
5219290,Vulpes velox,Swift Fox,G3,S2,S3,NA,USFS R2 Sensitive Species,Threatened,Tier 1,32,1978,2016,18,1970,2016,0,NA,NA,2,2016,2016,0,NA,NA,0,NA,NA,52,Animalia,Chordata,Mammalia,Carnivora,Canidae,Vulpes,Vulpes velox,NA,NA,NA,NA,Yes,NA
2457545,Thamnophis elegans,Terrestrial Gartersnake,G5,S1,S4,NA,NA,NA,Tier 2,1,1983,1983,0,NA,NA,0,NA,NA,1,1957,1957,0,NA,NA,0,NA,NA,2,Animalia,Chordata,Squamata,NA,Colubridae,Thamnophis,Thamnophis elegans,NA,NA,NA,1983,Yes,The last record is from 1983.  The first records is from 1957.  Two records are about 2 miles away.  The 1983 record has about 1 mile diameter which all in the plan area.  This species is critically imperiled in Nebraska and has very narrow range of distribution.  Only found around the Pine Ridge region of Sioux and Dawes counties.
5220530,Emydoidea blandingii,Blanding's Turtle,G4,S4,SH,Under Review,NA,NA,Tier 1,4,1957,2020,0,NA,NA,0,NA,NA,2,1957,1957,2,1957,1957,0,NA,NA,8,Animalia,Chordata,Testudines,NA,Emydidae,Emys,Emys blandingii,NA,NA,NA,NA,Yes,NA
2359047,Catostomus platyrhynchus,Mountain Sucker,G5,SX,S3,NA,USFS R2 Sensitive Species,NA,NA,1,1893,1893,0,NA,NA,0,NA,NA,0,NA,NA,0,NA,NA,0,NA,NA,1,Animalia,Chordata,NA,Cypriniformes,Catostomidae,Catostomus,Catostomus platyrhynchus,NA,NA,NA,1893,"No, there is insufficient temporal certainty that the species still occupies the plan area","Mountain sucker has not been collected in Nebraska since 1939 and is presumed extirpated from the state {Belica and Nibbelink 2006, NatureServe 2024}. Species is not listed as present in the plan area in the Forest Service Region 2 sensitive species list (as of February 2023)."
5203693,Fundulus sciadicus,Plains Topminnow,G4,S3,S4,NA,USFS R2 Sensitive Species,NA,Tier 1,5,1979,2014,4,1991,2004,0,NA,NA,1,2021,2021,0,NA,NA,0,NA,NA,10,Animalia,Chordata,NA,Cyprinodontiformes,Fundulidae,Fundulus,Fundulus sciadicus,NA,NA,NA,NA,Yes,NA
2364397,Hybognathus argyritis,Western Silvery Minnow,G4,S2,S5,NA,NA,NA,Tier 1,1,1996,1996,0,NA,NA,0,NA,NA,0,NA,NA,0,NA,NA,0,NA,NA,1,Animalia,Chordata,NA,Cypriniformes,Cyprinidae,Hybognathus,Hybognathus argyritis,NA,NA,NA,1996,Yes,NA
2364391,Hybognathus placitus,Plains Minnow,G4,S2,S5,NA,USFS R2 Sensitive Species,NA,Tier 1,0,NA,NA,1,1994,1994,0,NA,NA,1,Inf,-Inf,0,NA,NA,0,NA,NA,2,Animalia,Chordata,NA,Cypriniformes,Cyprinidae,Hybognathus,Hybognathus placitus,NA,NA,NA,2003,Yes,NA
2362060,Macrhybopsis gelida,Sturgeon Chub,G3,S1,S3,NA,USFS R2 Sensitive Species,Threatened,Tier 1,0,NA,NA,2,1994,1994,0,NA,NA,0,NA,NA,0,NA,NA,0,NA,NA,2,Animalia,Chordata,NA,Cypriniformes,Cyprinidae,Macrhybopsis,Macrhybopsis gelida,NA,NA,NA,1994,Yes,NA
2362460,Platygobio gracilis,Flathead Chub,G5,S2,S5,NA,USFS R2 Sensitive Species,NA,Tier 1,4,1994,2003,4,1994,1994,0,NA,NA,1,1950,1950,0,NA,NA,0,NA,NA,9,Animalia,Chordata,NA,Cypriniformes,Cyprinidae,Platygobio,Platygobio gracilis,NA,NA,NA,NA,Yes,NA
2294047,Pupoides inornatus,Rocky Mountain Dagger,G2,SH,SH,NA,NA,NA,NA,0,NA,NA,0,NA,NA,0,NA,NA,1,1914,1914,0,NA,NA,0,NA,NA,1,Animalia,Mollusca,Gastropoda,Stylommatophora,Pupillidae,Pupoides,Pupoides inornatus,NA,NA,NA,1914,"No, there is insufficient temporal certainty that the species still occupies the plan area","The last known observation of a Rocky Mountain Dagger in the plan area was in 1914. This species has a Possibly Extirpated (SH) ranking in both South Dakota and Nebraska {NatureServe 2024}, so it not clear if this species still ocurrs in the plan area."
1340478,Bombus fervidus,Yellow Bumble Bee,G3,SNR,SNR,NA,NA,NA,NA,0,NA,NA,0,NA,NA,0,NA,NA,20,1999,2010,0,NA,NA,0,NA,NA,20,Animalia,Arthropoda,Insecta,Hymenoptera,Apidae,Bombus,Bombus fervidus,NA,NA,NA,NA,Yes,NA
1340432,Bombus fraternus,Southern Plains Bumble Bee,G3,SNR,SNR,NA,NA,NA,Tier 1,0,NA,NA,0,NA,NA,0,NA,NA,4,2000,2011,0,NA,NA,0,NA,NA,4,Animalia,Arthropoda,Insecta,Hymenoptera,Apidae,Bombus,Bombus fraternus,NA,NA,NA,2011,Yes,NA
1340475,Bombus morrisoni,Morrison's Bumble Bee,G3,SH,SNR,NA,NA,NA,NA,0,NA,NA,0,NA,NA,0,NA,NA,1,Inf,-Inf,0,NA,NA,0,NA,NA,1,Animalia,Arthropoda,Insecta,Hymenoptera,Apidae,Bombus,Bombus morrisoni,NA,NA,NA,1922,"No, there is insufficient temporal certainty that the species still occupies the plan area","The last known observation of a Morrison's Bumble Bee in the plan area was in 1922. This species has experienced considerable declines in recent years and has become increasingly rare across much of its range, despite significant efforts to find it {Xerces Society 2023}. In 2022, there were 920 bumble bee observations gathered from 106 surveys in South Dakota through the Great Plains Bumble Bee Atlas and Morrison's bumble bee was not detected  {Xerces Society 2023}. In Nebraska, the species has a Possibly Extirpated (SH) ranking, although two individuals were documented near Wildcat Hills State Recreation Area through the Nebraska Bumble Bee Atlas in 2023  {Bumble Bee Atlas 2024}. It is uncertain if this species still ocurrs in the plan area."
1340416,Bombus pensylvanicus,American Bumble Bee,G3,SNR,SNR,Under Review,NA,NA,NA,0,NA,NA,0,NA,NA,0,NA,NA,9,1999,2022,0,NA,NA,0,NA,NA,9,Animalia,Arthropoda,Insecta,Hymenoptera,Apidae,Bombus,Bombus pensylvanicus,NA,NA,NA,NA,Yes,NA
5039069,Osmia cyaneonitens,Blue Shining Mason Bee,G3,SNR,SNR,NA,NA,NA,NA,0,NA,NA,0,NA,NA,0,NA,NA,1,1983,1983,0,NA,NA,0,NA,NA,1,Animalia,Arthropoda,Insecta,Hymenoptera,Megachilidae,Osmia,Osmia cyaneonitens,NA,NA,NA,1983,"No, there is insufficient temporal certainty that the species still occupies the plan area",The last known observation of this mason bee in the plan area was in 1983. This observation was from Toadstool Park on the Pine Ridge Ranger District in Nebraska. This species seems to have declined due unknown causes and has not been observed anywhere in Nebraska since the 1980s {NatureServe 2024}. It remains uncertain if this species still occurs in the plan area.
7570226,Parvindela terricola cinctipennis,Belted-winged Tiger Beetle,T5,S1,SNR,NA,NA,NA,Tier 2,0,NA,NA,0,NA,NA,0,NA,NA,1,2022,2022,0,NA,NA,0,NA,NA,1,Animalia,Arthropoda,Insecta,Coleoptera,Carabidae,Cylindera,Cylindera terricola,NA,NA,NA,2022,"No, there is insufficient taxonomic certainty to identify the observation data to a species","The species (Parvindela terricola) is ranked as G5 with no state conservation ranks in either Nebraska or South Dakota. Only the subspecies (Parvindela terricola cinctipennis) has a conservation ranking of S1 in Nebraska to warrant consideration. The only record in the plan area is a research-grade Naturalist observation that is only identified to the species level (Parvindela terricola). One NENHP record of the subspecies from 1985 occurs on non-Forest Service lands within the administrative boundary, but not in FS-managed lands in the plan area. Therefore, it is uncertain if the subspecies occurs in the plan area, or just the species."
1034935,Cicindela nebraskana,Prairie Long-lipped Tiger Beetle,G5,S1,S4,NA,NA,NA,Tier 2,0,NA,NA,0,NA,NA,0,NA,NA,1,Inf,-Inf,0,NA,NA,0,NA,NA,1,Animalia,Arthropoda,Insecta,Coleoptera,Carabidae,Cicindela,Cicindela nebraskana,NA,NA,NA,2016,Yes,NA
8177087,Ellipsoptera lepida,Ghost Tiger Beetle,G3,S2,S1,NA,NA,NA,Tier 1,1,2003,2003,0,NA,NA,0,NA,NA,0,NA,NA,0,NA,NA,0,NA,NA,1,Animalia,Arthropoda,Insecta,Coleoptera,Carabidae,Ellipsoptera,Ellipsoptera lepida,NA,NA,NA,2003,Yes,NA
9147984,Ellipsoptera nevadica makosika,Indian Creek Tiger Beetle,T1,NA,S1,NA,NA,NA,NA,0,NA,NA,2,Inf,2003,0,NA,NA,9,2002,2022,2,2002,2002,0,NA,NA,13,Animalia,Arthropoda,Insecta,Coleoptera,Carabidae,Ellipsoptera,Ellipsoptera nevadica,Ellipsoptera nevadica makosika,NA,NA,NA,Yes,NA
1038971,Nicrophorus americanus,American Burying Beetle,G3,S3,S2,"Threatened; Experimental population, non-essential",NA,NA,Tier 1,52,1969,2020,0,NA,NA,0,NA,NA,0,NA,NA,0,NA,NA,0,NA,NA,52,Animalia,Arthropoda,Insecta,Coleoptera,Staphylinidae,Nicrophorus,Nicrophorus americanus,NA,NA,NA,NA,Yes,NA
1905162,Argynnis idalia,Regal Fritillary,G3,S3,S3,Under Review,USFS R2 Sensitive Species,NA,Tier 1,0,NA,NA,3,1990,2021,0,NA,NA,1,Inf,-Inf,0,NA,NA,0,NA,NA,4,Animalia,Arthropoda,Insecta,Lepidoptera,Nymphalidae,Speyeria,Speyeria idalia,NA,NA,NA,2021,Yes,NA
1911246,Coenonympha california,Common Ringlet,G5,S2,SNR,NA,NA,NA,Tier 2,1,2000,2000,0,NA,NA,0,NA,NA,1,Inf,-Inf,0,NA,NA,0,NA,NA,2,Animalia,Arthropoda,Insecta,Lepidoptera,Nymphalidae,Coenonympha,Coenonympha california,NA,NA,NA,2000,Yes,NA
5977235,Erynnis afranius,Afranius Duskywing,G5,S2,SNR,NA,NA,NA,Tier 2,1,2011,2011,0,NA,NA,0,NA,NA,0,NA,NA,0,NA,NA,0,NA,NA,1,Animalia,Arthropoda,Insecta,Lepidoptera,Hesperiidae,Erynnis,Erynnis afranius,NA,NA,NA,2020,"No, there is insufficient spatial certainty that the observation occurred within the plan area","One EO polygon associated with one individual male butterfly in 2011 partially overlaps plan area, but  there is no locality description to demonstrate this species occurs in the plan area."
5142239,Hesperia ottoe,Ottoe Skipper,G3,S2,S2,NA,USFS R2 Sensitive Species,NA,Tier 1,0,NA,NA,1,1983,1983,0,NA,NA,0,NA,NA,0,NA,NA,0,NA,NA,1,Animalia,Arthropoda,Insecta,Lepidoptera,Hesperiidae,Hesperia,Hesperia ottoe,NA,NA,NA,1983,"No, the species is not in the plan area but is in the admin unit therfore is not included in the species overview spatial layer",Occurance records overlap with administrative boundary but not Forest Service-managed lands in the plan area.
5142328,Hesperia pahaska,Pahaska Skipper,G5,S2,SNR,NA,NA,NA,Tier 2,2,1995,1995,0,NA,NA,0,NA,NA,1,1986,1986,1,1986,1986,0,NA,NA,4,Animalia,Arthropoda,Insecta,Lepidoptera,Hesperiidae,Hesperia,Hesperia pahaska,NA,NA,NA,1995,Yes,NA
5142319,Hesperia uncas,Uncas Skipper,G4,S2,SNR,NA,NA,NA,Tier 2,1,2020,2020,0,NA,NA,0,NA,NA,0,NA,NA,0,NA,NA,0,NA,NA,1,Animalia,Arthropoda,Insecta,Lepidoptera,Hesperiidae,Hesperia,Hesperia uncas,NA,NA,NA,2020,Yes,NA
11776315,Lon taxiles,Taxiles Skipper,G5,S2,SNR,NA,NA,NA,Tier 2,2,2020,2020,0,NA,NA,0,NA,NA,0,NA,NA,0,NA,NA,0,NA,NA,2,Animalia,Arthropoda,Insecta,Lepidoptera,Hesperiidae,Lon,Lon taxiles,NA,NA,NA,2020,Yes,NA
1951340,Oarisma garita,Garita Skipperling,G4,S2,SNR,NA,NA,NA,Tier 2,1,1995,1995,0,NA,NA,0,NA,NA,0,NA,NA,0,NA,NA,0,NA,NA,1,Animalia,Arthropoda,Insecta,Lepidoptera,Hesperiidae,Oarisma,Oarisma garita,NA,NA,NA,1995,Yes,NA
1918986,Phyciodes batesii,Tawny Crescent,G3,S1,S1,NA,NA,NA,Tier 1,3,1995,1995,0,NA,NA,0,NA,NA,4,2023,2023,0,NA,NA,0,NA,NA,7,Animalia,Arthropoda,Insecta,Lepidoptera,Nymphalidae,Phyciodes,Phyciodes batesii,NA,NA,NA,NA,Yes,NA
5137791,Pontia occidentalis,Western White,G5,S2,SNR,NA,NA,NA,Tier 2,0,NA,NA,0,NA,NA,0,NA,NA,2,2023,2023,0,NA,NA,0,NA,NA,2,Animalia,Arthropoda,Insecta,Lepidoptera,Pieridae,Pontia,Pontia occidentalis,NA,NA,NA,2023,Yes,NA
5714788,Satyrium liparops,Striped Hairstreak,G5,S2,SNR,NA,NA,NA,Tier 2,1,2001,2001,0,NA,NA,0,NA,NA,3,Inf,-Inf,0,NA,NA,0,NA,NA,4,Animalia,Arthropoda,Insecta,Lepidoptera,Lycaenidae,Satyrium,Satyrium liparops,NA,NA,NA,2001,"No, there is insufficient spatial certainty that the observation occurred within the plan area","The occurance record for one striped hairstreak is associated with a several mile reach of East Ash Creek that only partially overlaps the plan area. Thus, it cannot be determined whether the observation was inside the plan area."
1865345,Hemileuca hera,Hera Sheepmoth,G5,S1,SNR,NA,NA,NA,Tier 2,2,2014,2019,0,NA,NA,0,NA,NA,3,Inf,-Inf,0,NA,NA,0,NA,NA,5,Animalia,Arthropoda,Insecta,Lepidoptera,Saturniidae,Hemileuca,Hemileuca hera,NA,NA,NA,2019,Yes,NA
1797114,Catocala abbreviatella,Abbreviated Underwing,G3,SNR,SNR,NA,NA,NA,NA,0,NA,NA,0,NA,NA,0,NA,NA,4,1964,1964,4,1964,1964,0,NA,NA,8,Animalia,Arthropoda,Insecta,Lepidoptera,Erebidae,Catocala,Catocala abbreviatella,NA,NA,NA,1964,"No, there is insufficient spatial certainty that the observation occurred within the plan area","There are four occurance records of this species, all from 1964. The occurance record is at the edge of the plan area and has a spatial uncertainty of 2.2 miles. The locality description is ""Big Buffalo Creek, N. of Cedar Pass."" Most of Big Buffalo Creek is outside of the plan area. Therefore, it is uncertain if this species occurs in the plan area."
1797397,Catocala nuptialis,Married Underwing,G3,SNR,SNR,NA,NA,NA,Tier 1,1,2012,2012,0,NA,NA,0,NA,NA,0,NA,NA,0,NA,NA,0,NA,NA,1,Animalia,Arthropoda,Insecta,Lepidoptera,Erebidae,Catocala,Catocala nuptialis,NA,NA,NA,2014,Yes,NA
1797227,Catocala whitneyi,Whitney's Underwing,G2,S1,SNR,NA,NA,NA,Tier 1,1,1983,1983,0,NA,NA,0,NA,NA,0,NA,NA,0,NA,NA,0,NA,NA,1,Animalia,Arthropoda,Insecta,Lepidoptera,Erebidae,Catocala,Catocala whitneyi,NA,NA,NA,2014,"No, there is insufficient spatial certainty that the observation occurred within the plan area","NENHP has one element occurance polygon from 1983 that only partially overlaps the plan area. GBIF has an occurance record from 2014, but the spatial uncertainty is over 10 miles and the locality description states ""merrit dam rec area,"" which is not in the plan area. Thus, it cannot be determined whether either these observations were inside the plan area."
5051883,Stylurus notatus,Elusive Clubtail,G3,SNR,SNR,NA,NA,NA,Tier 2,1,2002,2002,0,NA,NA,0,NA,NA,0,NA,NA,0,NA,NA,0,NA,NA,1,Animalia,Arthropoda,Insecta,Odonata,Gomphidae,Stylurus,Stylurus notatus,NA,NA,NA,2002,Yes,NA
1541347,Eristalis brousii,Hourglass Drone Fly,G4,S1,SNR,NA,NA,NA,Tier 1,1,2003,2003,0,NA,NA,0,NA,NA,0,NA,NA,0,NA,NA,0,NA,NA,1,Animalia,Arthropoda,Insecta,Diptera,Syrphidae,Eristalis,Eristalis brousii,NA,NA,NA,2003,"No, there is insufficient spatial certainty that the observation occurred within the plan area","The single observation of one adult fly is associated with a 156-acre polygon that partially overlaps the plan area. Thus, it cannot be determined whether the observation was inside the plan area."
2687937,Equisetum fluviatile,Water Horsetail,G5,S1,SNR,NA,NA,NA,Tier 2,1,2017,2017,0,NA,NA,2,2017,2017,0,NA,NA,1,2017,2017,0,NA,NA,4,Plantae,Tracheophyta,Polypodiopsida,Equisetales,Equisetaceae,Equisetum,Equisetum fluviatile,NA,NA,NA,2017,Yes,NA
5275149,Dryopteris carthusiana,Spinulose Shieldfern,G5,S2,S1,NA,NA,NA,Tier 2,1,1995,1995,0,NA,NA,1,1995,1995,0,NA,NA,0,NA,NA,0,NA,NA,2,Plantae,Tracheophyta,Polypodiopsida,Polypodiales,Dryopteridaceae,Dryopteris,Dryopteris carthusiana,NA,NA,NA,1995,Yes,NA
2650190,Botrychium campestre,Prairie Dunewort,G3,S1,S2,NA,USFS R2 Sensitive Species,NA,Tier 1,1,2017,2017,0,NA,NA,1,2017,2017,0,NA,NA,0,NA,NA,0,NA,NA,2,Plantae,Tracheophyta,Polypodiopsida,Ophioglossales,Ophioglossaceae,Botrychium,Botrychium campestre,NA,NA,NA,2017,Yes,NA
2650138,Ophioglossum pusillum,Northern Adder's-tongue,G4,S2,SNR,NA,NA,NA,Tier 2,2,1992,1995,0,NA,NA,11,1995,1995,3,1995,1995,6,1995,1995,0,NA,NA,22,Plantae,Tracheophyta,Polypodiopsida,Ophioglossales,Ophioglossaceae,Ophioglossum,Ophioglossum pusillum,NA,NA,NA,NA,Yes,NA
2684709,Juniperus communis,Ground Juniper,G5,S1,SNR,NA,NA,NA,Tier 2,16,1972,2016,0,NA,NA,11,1972,2005,2,Inf,-Inf,0,NA,NA,0,NA,NA,29,Plantae,Tracheophyta,Pinopsida,Pinales,Cupressaceae,Juniperus,Juniperus communis,NA,NA,NA,NA,Yes,NA
2684410,Juniperus horizontalis,Creeping Juniper,G5,S1,SNR,NA,NA,NA,Tier 2,3,1936,2004,0,NA,NA,7,2004,2005,0,NA,NA,0,NA,NA,0,NA,NA,10,Plantae,Tracheophyta,Pinopsida,Pinales,Cupressaceae,Juniperus,Juniperus horizontalis,NA,NA,NA,NA,Yes,NA
2856745,Allium cernuum,Nodding Onion,G5,S2,SNR,NA,NA,NA,Tier 2,3,1889,1991,0,NA,NA,1,1991,1991,0,NA,NA,1,1991,1991,0,NA,NA,5,Plantae,Tracheophyta,Liliopsida,Asparagales,Amaryllidaceae,Allium,Allium cernuum,NA,NA,NA,1991,Yes,NA
2703671,Bromus inermis ssp. pumpellianus,Awnless Brome,T5,S1,SNR,NA,NA,NA,NA,1,2015,2015,0,NA,NA,0,NA,NA,0,NA,NA,0,NA,NA,0,NA,NA,1,Plantae,Tracheophyta,Liliopsida,Poales,Poaceae,Bromus,Bromus pumpellianus,Bromus inermis pumpellianus,NA,NA,2016,Yes,NA
2703686,Bromus marginatus,Large Mountain Brome,G5,S2,SNR,NA,NA,NA,Tier 2,6,1889,2016,0,NA,NA,6,1991,2016,0,NA,NA,5,1991,2016,0,NA,NA,17,Plantae,Tracheophyta,Liliopsida,Poales,Poaceae,Bromus,Bromus marginatus,NA,NA,NA,NA,Yes,NA
7676640,Carex aquatilis var. substricta,Calcareous Water Sedge,T5,S2,SNR,NA,NA,NA,Tier 2,1,2004,2004,0,NA,NA,0,NA,NA,0,NA,NA,0,NA,NA,0,NA,NA,1,Plantae,Tracheophyta,Liliopsida,Poales,Cyperaceae,Carex,Carex aquatilis,NA,Carex aquatilis substricta,NA,2004,Yes,NA
2725002,Carex bebbii,Bebb's Sedge,G5,S2,SNR,NA,NA,NA,Tier 2,3,1995,2017,0,NA,NA,4,1995,2017,0,NA,NA,1,1995,1995,0,NA,NA,8,Plantae,Tracheophyta,Liliopsida,Poales,Cyperaceae,Carex,Carex bebbii,NA,NA,NA,NA,Yes,NA
2723338,Carex xerantica,White-scaled Sedge,G5,S2,SNR,NA,NA,NA,Tier 2,9,1991,2015,0,NA,NA,2,1991,1991,0,NA,NA,2,1991,1991,0,NA,NA,13,Plantae,Tracheophyta,Liliopsida,Poales,Cyperaceae,Carex,Carex xerantica,NA,NA,NA,NA,Yes,NA
2810284,Coeloglossum viride,Long-Bract Frog Orchid,G5,S1,SNR,NA,NA,NA,Tier 2,8,1911,2016,0,NA,NA,5,1991,2006,0,NA,NA,3,1991,2006,0,NA,NA,16,Plantae,Tracheophyta,Liliopsida,Asparagales,Orchidaceae,Dactylorhiza,Dactylorhiza viridis,NA,NA,NA,NA,Yes,NA
2797273,Corallorhiza maculata,Spotted Coralroot,G5,S1,SNR,NA,NA,NA,Tier 2,4,1974,2015,0,NA,NA,3,1974,1993,0,NA,NA,3,1974,1993,0,NA,NA,10,Plantae,Tracheophyta,Liliopsida,Asparagales,Orchidaceae,Corallorhiza,Corallorhiza maculata,NA,NA,NA,NA,Yes,NA
2703267,Danthonia spicata,Poverty Oatgrass,G5,S1,SNR,NA,NA,NA,Tier 2,1,2015,2015,0,NA,NA,2,2004,2015,0,NA,NA,2,2004,2015,0,NA,NA,5,Plantae,Tracheophyta,Liliopsida,Poales,Poaceae,Danthonia,Danthonia spicata,NA,NA,NA,2015,Yes,NA
2702666,Dichanthelium linearifolium,Slim-leaf Witchgrass,G5,S1,SNR,NA,NA,NA,NA,0,NA,NA,0,NA,NA,1,1973,1973,0,NA,NA,0,NA,NA,0,NA,NA,1,Plantae,Tracheophyta,Liliopsida,Poales,Poaceae,Dichanthelium,Dichanthelium linearifolium,NA,NA,NA,1973,"No, the species is not in the plan area but is in the admin unit therfore is not included in the species overview spatial layer",NA
2730137,Eriophorum gracile,Slender Cotton-grass,G5,S2,S1,NA,USFS R2 Sensitive Species,NA,Tier 2,1,1893,1893,0,NA,NA,0,NA,NA,0,NA,NA,0,NA,NA,0,NA,NA,1,Plantae,Tracheophyta,Liliopsida,Poales,Cyperaceae,Eriophorum,Eriophorum gracile,NA,NA,NA,1893,"No, there is insufficient spatial certainty that the observation occurred within the plan area","The single observation for the plan area has a location uncertainity of 8000m and part of the elements occurence record polygon  overlaps the edge of the plan area, thus it cannot be determined whether the observation was inside the plan area.   "
2702835,Festuca kingii,Spike Fescue,G5,S2,SNR,NA,NA,NA,Tier 2,9,1970,2015,0,NA,NA,12,2006,2012,0,NA,NA,6,2006,2012,0,NA,NA,27,Plantae,Tracheophyta,Liliopsida,Poales,Poaceae,Festuca,Festuca kingii,NA,NA,NA,NA,Yes,NA
5300700,Fritillaria atropurpurea,Purple Missionbells,G5,S2,SNR,NA,NA,NA,Tier 2,7,1995,2009,0,NA,NA,14,1995,2007,3,2007,2019,9,1995,2007,0,NA,NA,33,Plantae,Tracheophyta,Liliopsida,Liliales,Liliaceae,Fritillaria,Fritillaria atropurpurea,NA,NA,NA,NA,Yes,NA
2840754,Goodyera oblongifolia,Giant Rattlesnake-plantain,G5,S1,SNR,NA,NA,NA,Tier 2,1,1991,2001,0,NA,NA,0,NA,NA,0,NA,NA,0,NA,NA,0,NA,NA,1,Plantae,Tracheophyta,Liliopsida,Asparagales,Orchidaceae,Goodyera,Goodyera oblongifolia,NA,NA,NA,2001,Yes,NA
11712270,Liparis loeselii,Loesel's Twayblade,G5,S1,S1,NA,USFS R2 Sensitive Species,NA,Tier 2,7,1912,2017,0,NA,NA,2,1995,2017,0,NA,NA,0,NA,NA,0,NA,NA,9,Animalia,Arthropoda,Insecta,Coleoptera,Curculionidae,Liparis,Liparis loeselii,NA,NA,NA,NA,Yes,NA
2703943,Muhlenbergia filiformis,Pullup Muhly,G5,S1,SNR,NA,NA,NA,Tier 2,1,1893,1893,0,NA,NA,1,2005,2005,0,NA,NA,0,NA,NA,0,NA,NA,2,Plantae,Tracheophyta,Liliopsida,Poales,Poaceae,Muhlenbergia,Muhlenbergia filiformis,NA,NA,NA,2005,Yes,NA
5301163,Potamogeton diversifolius,Waterthread Pondweed,G5,S2,SNR,NA,NA,NA,Tier 2,3,1996,2008,0,NA,NA,5,1970,2008,0,NA,NA,3,1996,2008,0,NA,NA,11,Plantae,Tracheophyta,Liliopsida,Alismatales,Potamogetonaceae,Potamogeton,Potamogeton diversifolius,NA,NA,NA,NA,Yes,NA
2752970,Prosartes trachycarpa,Rough-fruit Mandarin,G5,S1,SNR,NA,NA,NA,Tier 2,1,1889,1889,0,NA,NA,0,NA,NA,0,NA,NA,0,NA,NA,0,NA,NA,1,Plantae,Tracheophyta,Liliopsida,Liliales,Liliaceae,Prosartes,Prosartes trachycarpa,NA,NA,NA,1889,"No, the species is not in the plan area but is in the admin unit therfore is not included in the species overview spatial layer",NA
2705699,Pseudoroegneria spicata,Bluebunch Wheatgrass,G5,S1,SNR,NA,NA,NA,Tier 2,2,1991,2009,0,NA,NA,10,1991,2008,3,2008,2008,8,1991,2008,0,NA,NA,23,Plantae,Tracheophyta,Liliopsida,Poales,Poaceae,Pseudoroegneria,Pseudoroegneria spicata,NA,NA,NA,NA,Yes,NA
2705745,Schizachne purpurascens,Purple Oat,G5,S1,SNR,NA,NA,NA,Tier 2,9,1991,2016,0,NA,NA,14,1991,2012,0,NA,NA,9,1991,2012,0,NA,NA,32,Plantae,Tracheophyta,Liliopsida,Poales,Poaceae,Schizachne,Schizachne purpurascens,NA,NA,NA,NA,Yes,NA
2710743,Schoenoplectiella saximontana,Rocky Mountain Bulrush,G5,S1,SNR,NA,NA,NA,Tier 1,1,1995,1995,0,NA,NA,3,1995,1995,2,1995,1995,3,1995,1995,0,NA,NA,9,Plantae,Tracheophyta,Liliopsida,Poales,Cyperaceae,Schoenoplectiella,Schoenoplectiella saximontana,NA,NA,NA,NA,Yes,NA
2717391,Scirpus microcarpus,Small-fruit Bulrush,G5,S1,SNR,NA,NA,NA,Tier 2,1,1995,1995,0,NA,NA,4,1995,2004,1,1995,1995,2,1995,1995,0,NA,NA,8,Plantae,Tracheophyta,Liliopsida,Poales,Cyperaceae,Scirpus,Scirpus microcarpus,NA,NA,NA,NA,Yes,NA
2702266,Sparganium emersum,Green-fruit Bur-reed,G5,S2,S1,NA,NA,NA,Tier 2,1,1995,1995,0,NA,NA,2,1995,1995,0,NA,NA,1,1995,1995,0,NA,NA,4,Plantae,Tracheophyta,Liliopsida,Poales,Typhaceae,Sparganium,Sparganium emersum,NA,NA,NA,1995,Yes,NA
2865280,Triglochin palustris,Slender Bog Arrow-grass,G5,S1,SNR,NA,NA,NA,Tier 2,2,1995,1995,0,NA,NA,6,1995,1995,2,1995,1995,4,1995,1995,0,NA,NA,14,Plantae,Tracheophyta,Liliopsida,Alismatales,Juncaginaceae,Triglochin,Triglochin palustris,NA,NA,NA,NA,Yes,NA
2926406,Agastache foeniculum,Blue Giant-hyssop,G5,S1,SNR,NA,NA,NA,Tier 2,3,1991,2019,0,NA,NA,4,1991,1991,0,NA,NA,2,1991,1991,0,NA,NA,9,Plantae,Tracheophyta,Magnoliopsida,Lamiales,Lamiaceae,Agastache,Agastache foeniculum,NA,NA,NA,NA,Yes,NA
7656548,Amorpha nana,Fragrant Indigobush,G5,S1,SNR,NA,NA,NA,Tier 2,0,NA,NA,0,NA,NA,8,1967,2008,4,2005,2008,4,2005,2008,0,NA,NA,16,Plantae,Tracheophyta,Magnoliopsida,Fabales,Fabaceae,Amorpha,Amorpha nana,NA,NA,NA,NA,Yes,NA
4926336,Anaphalis margaritacea,Pearly Everlasting,G5,S1,SNR,NA,NA,NA,Tier 2,3,1911,2015,0,NA,NA,2,2015,2016,0,NA,NA,2,2015,2016,0,NA,NA,7,Plantae,Tracheophyta,Magnoliopsida,Asterales,Asteraceae,Anaphalis,Anaphalis margaritacea,NA,NA,NA,NA,Yes,NA
5385548,Antennaria dimorpha,Two-form Pussytoes,G5,S1,S1,NA,NA,NA,Tier 2,1,1890,1890,0,NA,NA,0,NA,NA,0,NA,NA,0,NA,NA,0,NA,NA,1,Plantae,Tracheophyta,Magnoliopsida,Asterales,Asteraceae,Antennaria,Antennaria dimorpha,NA,NA,NA,1890,"No, there is insufficient spatial certainty that the observation occurred within the plan area","The single observation for the plan area has a location uncertainity of 8000m and part of the elements occurence record polygon  overlaps the edge of the plan area, thus it cannot be determined whether the observation was inside the plan area"
3170327,Asclepias lanuginosa,Woolly Milkweed,G3,S3,S2,NA,NA,NA,NA,1,1995,1995,0,NA,NA,1,1995,1995,0,NA,NA,0,NA,NA,0,NA,NA,2,Plantae,Tracheophyta,Magnoliopsida,Gentianales,Apocynaceae,Asclepias,Asclepias lanuginosa,NA,NA,NA,1995,Yes,NA
5342849,Astragalus agrestis,Purple Milkvetch,G5,S1,SNR,NA,NA,NA,Tier 2,4,2004,2016,0,NA,NA,12,1974,2016,3,2001,2010,3,2010,2016,0,NA,NA,22,Plantae,Tracheophyta,Magnoliopsida,Fabales,Fabaceae,Astragalus,Astragalus agrestis,NA,NA,NA,NA,Yes,NA
5354810,Astragalus barrii,Barr's Milkvetch,G3,S1,S3,NA,USFS R2 Sensitive Species,NA,Tier 1,0,NA,NA,19,1948,2005,19,1957,2005,6,1970,1970,0,NA,NA,0,NA,NA,44,Plantae,Tracheophyta,Magnoliopsida,Fabales,Fabaceae,Astragalus,Astragalus barrii,NA,NA,NA,NA,Yes,NA
7979948,Atriplex suckleyi,Suckley's Saltbush,G4,S1,SNR,NA,NA,NA,Tier 2,0,NA,NA,0,NA,NA,16,1967,2005,3,1973,2005,4,1973,2005,0,NA,NA,23,Plantae,Tracheophyta,Magnoliopsida,Caryophyllales,Amaranthaceae,Stutzia,Stutzia dioica,NA,NA,NA,NA,Yes,NA
5421092,Bergia texana,Texas Bergia,G5,S1,SNR,NA,NA,NA,Tier 2,4,1991,1998,0,NA,NA,7,1991,2008,4,1995,2008,5,1991,2008,0,NA,NA,20,Plantae,Tracheophyta,Magnoliopsida,Malpighiales,Elatinaceae,Bergia,Bergia texana,NA,NA,NA,NA,Yes,NA
3043348,Boechera grahamii,Graham's Rockcress,G5,S2,SNR,NA,NA,NA,NA,3,1991,2015,0,NA,NA,1,1974,1974,0,NA,NA,1,1974,1974,0,NA,NA,5,Plantae,Tracheophyta,Magnoliopsida,Brassicales,Brassicaceae,Boechera,Boechera grahamii,NA,NA,NA,2015,Yes,NA
5372488,Callitriche hermaphroditica,Autumnal Water-starwort,G5,S2,SNR,NA,NA,NA,Tier 2,5,1995,1996,0,NA,NA,4,1995,1995,1,1995,1995,0,NA,NA,0,NA,NA,10,Plantae,Tracheophyta,Magnoliopsida,Lamiales,Plantaginaceae,Callitriche,Callitriche hermaphroditica,NA,NA,NA,NA,Yes,NA
5372484,Callitriche palustris,Vernal Water-starwort,G5,S2,SNR,NA,NA,NA,Tier 2,4,1995,1996,0,NA,NA,1,1996,1996,0,NA,NA,3,1995,1995,0,NA,NA,8,Plantae,Tracheophyta,Magnoliopsida,Lamiales,Plantaginaceae,Callitriche,Callitriche palustris,NA,NA,NA,NA,Yes,NA
3083891,Chenopodium subglabrum,Smooth Goosefoot,G3,S3,S2,NA,NA,NA,NA,10,1893,2013,0,NA,NA,15,1914,2013,4,1914,1996,9,1914,2013,0,NA,NA,38,Plantae,Tracheophyta,Magnoliopsida,Caryophyllales,Amaranthaceae,Chenopodium,Chenopodium subglabrum,NA,NA,NA,NA,Yes,NA
3033734,Delphinium nuttallianum,Nuttall's Larkspur,G5,S1,S4,NA,NA,NA,Tier 2,6,1898,1996,0,NA,NA,0,NA,NA,0,NA,NA,0,NA,NA,0,NA,NA,6,Plantae,Tracheophyta,Magnoliopsida,Ranunculales,Ranunculaceae,Delphinium,Delphinium nuttallianum,NA,NA,NA,1996,Yes,NA
6305196,Doellingeria umbellata var. pubens,Flat-top White Aster,T5,S2,S2,NA,NA,NA,Tier 2,1,1906,1906,0,NA,NA,0,NA,NA,0,NA,NA,0,NA,NA,0,NA,NA,1,Plantae,Tracheophyta,Magnoliopsida,Asterales,Asteraceae,Doellingeria,Doellingeria umbellata,NA,Doellingeria umbellata pubens,NA,1906,"No, there is insufficient spatial certainty that the observation occurred within the plan area","The single observation for the plan area has a location uncertainity of 8000m and part of the elements occurence record polygon  overlaps the edge of the plan area, thus it cannot be determined whether the observation was inside the plan area"
3084127,Echinocereus viridiflorus,Green-flower Hedgehog Cactus,G5,S2,S3,NA,NA,NA,Tier 2,0,NA,NA,4,1997,2004,2,2004,2004,0,NA,NA,0,NA,NA,0,NA,NA,6,Plantae,Tracheophyta,Magnoliopsida,Caryophyllales,Cactaceae,Echinocereus,Echinocereus viridiflorus,NA,NA,NA,2004,Yes,NA
3189073,Epilobium brachycarpum,Panicled Willowherb,G5,S1,SNR,NA,NA,NA,NA,0,NA,NA,0,NA,NA,1,2006,2006,0,NA,NA,1,2006,2006,0,NA,NA,2,Plantae,Tracheophyta,Magnoliopsida,Myrtales,Onagraceae,Epilobium,Epilobium brachycarpum,NA,NA,NA,2015,Yes,NA
4220298,Ericameria parryi var. howardii,Howard's Rabbitbrush,T5,S2,SNR,NA,NA,NA,NA,3,1995,1995,0,NA,NA,0,NA,NA,0,NA,NA,0,NA,NA,0,NA,NA,3,Plantae,Tracheophyta,Magnoliopsida,Asterales,Asteraceae,Ericameria,Ericameria parryi,NA,Ericameria parryi howardii,NA,1995,Yes,NA
3147213,Erigeron caespitosus,Tufted Fleabane,G5,S2,SNR,NA,NA,NA,Tier 2,18,1889,2016,0,NA,NA,10,1991,2008,0,NA,NA,5,1991,2008,0,NA,NA,33,Plantae,Tracheophyta,Magnoliopsida,Asterales,Asteraceae,Erigeron,Erigeron caespitosus,NA,NA,NA,NA,Yes,NA
8046603,Erigeron divergens,Spreading Fleabane,G5,S2,SNR,NA,NA,NA,Tier 2,11,1991,1996,0,NA,NA,13,1995,2005,3,1995,1996,6,1995,1996,0,NA,NA,33,Plantae,Tracheophyta,Magnoliopsida,Asterales,Asteraceae,Erigeron,Erigeron divergens,NA,NA,NA,NA,Yes,NA
3146761,Erigeron ochroleucus,Buff Fleabane,G5,S2,S3,NA,NA,NA,Tier 2,3,1940,1995,4,2004,2005,7,1991,2005,1,1995,1995,6,1991,1995,0,NA,NA,21,Plantae,Tracheophyta,Magnoliopsida,Asterales,Asteraceae,Erigeron,Erigeron ochroleucus,NA,NA,NA,NA,Yes,NA
8459913,Erigeron subtrinervis,Three-nerve Fleabane,G4,S2,SNR,NA,NA,NA,Tier 2,4,1889,2016,0,NA,NA,4,1973,1991,0,NA,NA,4,1973,1991,0,NA,NA,12,Plantae,Tracheophyta,Magnoliopsida,Asterales,Asteraceae,Erigeron,Erigeron subtrinervis,NA,NA,NA,NA,Yes,NA
2889693,Eriogonum cernuum,Nodding Buckwheat,G5,S1,SNR,NA,NA,NA,Tier 2,1,1914,1914,0,NA,NA,0,NA,NA,0,NA,NA,0,NA,NA,0,NA,NA,1,Plantae,Tracheophyta,Magnoliopsida,Caryophyllales,Polygonaceae,Eriogonum,Eriogonum cernuum,NA,NA,NA,1914,"No, there is insufficient spatial certainty that the observation occurred within the plan area","The single observation for the plan area has a location uncertainity of 8000m and part of the elements occurence record polygon  overlaps the edge of the plan area, thus it cannot be determined whether the observation was inside the plan area"
2889654,Eriogonum gordonii,Gordon's Buckwheat,G4,S2,SNR,NA,NA,NA,Tier 1,5,1970,2005,0,NA,NA,3,1996,2005,0,NA,NA,2,1996,2005,0,NA,NA,10,Plantae,Tracheophyta,Magnoliopsida,Caryophyllales,Polygonaceae,Eriogonum,Eriogonum gordonii,NA,NA,NA,NA,Yes,NA
2889449,Eriogonum visheri,Dakota Buckwheat,G3,NA,S3,NA,USFS R2 Sensitive Species,NA,NA,0,NA,NA,30,1971,2005,9,1957,2005,5,1957,1971,5,1957,1971,0,NA,NA,49,Plantae,Tracheophyta,Magnoliopsida,Caryophyllales,Polygonaceae,Eriogonum,Eriogonum visheri,NA,NA,NA,NA,Yes,NA
3048294,Erysimum inconspicuum,Small-flower Prairie Wallflower,G5,S2,SNR,NA,NA,NA,Tier 2,1,1911,1911,0,NA,NA,3,2004,2005,0,NA,NA,0,NA,NA,0,NA,NA,4,Plantae,Tracheophyta,Magnoliopsida,Brassicales,Brassicaceae,Erysimum,Erysimum inconspicuum,NA,NA,NA,2005,Yes,NA
5387821,Gaillardia pulchella,Fire-wheel Blanket-flower,G4,S2,SNR,NA,NA,NA,Tier 2,1,2006,2006,0,NA,NA,1,2006,2006,0,NA,NA,0,NA,NA,0,NA,NA,2,Plantae,Tracheophyta,Magnoliopsida,Asterales,Asteraceae,Gaillardia,Gaillardia pulchella,NA,NA,NA,2006,Yes,NA
5390744,Gnaphalium palustre,Western Marsh Cudweed,G5,S2,S4,NA,NA,NA,Tier 2,4,1991,1998,0,NA,NA,4,1991,2009,1,2009,2009,4,1991,2009,0,NA,NA,13,Plantae,Tracheophyta,Magnoliopsida,Asterales,Asteraceae,Gnaphalium,Gnaphalium palustre,NA,NA,NA,NA,Yes,NA
3135329,Hieracium umbellatum,Umbellate Hawkweed,G5,S1,SNR,NA,NA,NA,Tier 2,1,2008,2008,0,NA,NA,7,2008,2008,0,NA,NA,2,2008,2008,0,NA,NA,10,Plantae,Tracheophyta,Magnoliopsida,Asterales,Asteraceae,Hieracium,Hieracium umbellatum,NA,NA,NA,NA,Yes,NA
6394781,Ipomopsis congesta ssp. pseudotypica,Ball-head Standing-cypress,T3,NA,S3,NA,NA,NA,NA,0,NA,NA,0,NA,NA,5,1973,1993,2,1973,1988,5,1973,1993,0,NA,NA,12,Plantae,Tracheophyta,Magnoliopsida,Ericales,Polemoniaceae,Ipomopsis,Ipomopsis congesta,Ipomopsis congesta pseudotypica,NA,NA,NA,Yes,NA
5356371,Lathyrus ochroleucus,Pale Vetchling,G5,S2,SNR,NA,NA,NA,Tier 2,15,1971,2015,0,NA,NA,11,1971,2015,0,NA,NA,9,1971,2015,0,NA,NA,35,Plantae,Tracheophyta,Magnoliopsida,Fabales,Fabaceae,Lathyrus,Lathyrus ochroleucus,NA,NA,NA,NA,Yes,NA
7095916,Linum lewisii var. lewisii,Prairie Flax,T5,S1,SNR,NA,NA,NA,Tier 2,1,2005,2005,0,NA,NA,6,2004,2005,1,2004,2004,1,2004,2004,0,NA,NA,9,Plantae,Tracheophyta,Magnoliopsida,Malpighiales,Linaceae,Linum,Linum lewisii,NA,Linum lewisii lewisii,NA,NA,Yes,NA
8408864,Lithophragma parviflorum,Small-flower Woodland-star,G5,S1,SNR,NA,NA,NA,Tier 2,1,2016,2016,0,NA,NA,0,NA,NA,0,NA,NA,0,NA,NA,0,NA,NA,1,Plantae,Tracheophyta,Magnoliopsida,Saxifragales,Saxifragaceae,Lithophragma,Lithophragma parviflorum,NA,NA,NA,2016,Yes,NA
5341244,Mertensia lanceolata,Prairie Bluebells,G5,S2,SNR,NA,NA,NA,Tier 2,7,1995,2009,0,NA,NA,18,1970,2010,5,1970,2010,11,1970,2010,0,NA,NA,41,Plantae,Tracheophyta,Magnoliopsida,Boraginales,Boraginaceae,Mertensia,Mertensia lanceolata,NA,NA,NA,NA,Yes,NA
5341179,Myosotis verna,Spring Forget-me-not,G5,S1,SNR,NA,NA,NA,Tier 2,5,1995,2011,0,NA,NA,7,1995,2011,1,2005,2005,5,1995,2011,0,NA,NA,18,Plantae,Tracheophyta,Magnoliopsida,Boraginales,Boraginaceae,Myosotis,Myosotis verna,NA,NA,NA,NA,Yes,NA
4058016,Navarretia saximontana,Rocky Mountain Pincushion-plant,G4,S1,SNR,NA,NA,NA,Tier 2,1,1991,2016,0,NA,NA,3,1991,1991,0,NA,NA,3,1991,1991,0,NA,NA,7,Plantae,Tracheophyta,Magnoliopsida,Ericales,Polemoniaceae,Navarretia,Navarretia saximontana,NA,NA,NA,NA,Yes,NA
3173298,Orobanche uniflora,One-flowered Broomrape,G5,S1,S2,NA,NA,NA,Tier 2,0,NA,NA,2,2005,2005,1,2005,2005,0,NA,NA,0,NA,NA,0,NA,NA,3,Plantae,Tracheophyta,Magnoliopsida,Lamiales,Orobanchaceae,Aphyllon,Aphyllon uniflorum,NA,NA,NA,2005,Yes,NA
2888310,Orthilia secunda,One-sided Wintergreen,G5,S1,SNR,NA,NA,NA,Tier 2,1,1890,1890,0,NA,NA,0,NA,NA,0,NA,NA,0,NA,NA,0,NA,NA,1,Plantae,Tracheophyta,Magnoliopsida,Ericales,Ericaceae,Orthilia,Orthilia secunda,NA,NA,NA,1940,"No, there is insufficient spatial certainty that the observation occurred within the plan area","The observations for the plan area has a location uncertainity of 8000m and part of the elements occurence record polygon  overlaps the edge of the plan area, thus it cannot be determined whether the observation was inside the plan area"
4249110,Packera pseudaurea var. semicordata,Western Golden Groundsel,T4,S1,SNR,NA,NA,NA,Tier 2,1,2006,2015,0,NA,NA,1,2006,2006,0,NA,NA,1,2006,2006,0,NA,NA,3,Plantae,Tracheophyta,Magnoliopsida,Asterales,Asteraceae,Packera,Packera pseudaurea,NA,Packera pseudaurea semicordata,NA,2015,Yes,NA
7226477,Phacelia hastata var. hastata,Silverleaf Scorpionweed,T5,S2,SNR,NA,NA,NA,Tier 2,2,1912,1915,0,NA,NA,0,NA,NA,0,NA,NA,0,NA,NA,0,NA,NA,2,Plantae,Tracheophyta,Magnoliopsida,Boraginales,Hydrophyllaceae,Phacelia,Phacelia hastata,NA,Phacelia hastata hastata,NA,1924,"No, there is insufficient spatial certainty that the observation occurred within the plan area","The single observation for the plan area has a location uncertainity of 8000m and part of the elements occurence record polygon  overlaps the edge of the plan area, thus it cannot be determined whether the observation was inside the plan area"
2927739,Phlox alyssifolia,Alyssum-leaf Phlox,G5,S1,SNR,NA,NA,NA,Tier 2,2,2004,2010,0,NA,NA,9,1993,2005,1,2005,2005,3,1993,2005,0,NA,NA,15,Plantae,Tracheophyta,Magnoliopsida,Ericales,Polemoniaceae,Phlox,Phlox alyssifolia,NA,NA,NA,NA,Yes,NA
4057955,Phlox gracilis ssp. humilis,Slender Phlox,T5,S1,SNR,NA,NA,NA,NA,0,NA,NA,0,NA,NA,1,2003,2003,0,NA,NA,0,NA,NA,0,NA,NA,1,Plantae,Tracheophyta,Magnoliopsida,Ericales,Polemoniaceae,Phlox,Phlox gracilis,Phlox gracilis humilis,NA,NA,2003,Yes,NA
7225662,Physaria arenosa ssp. arenosa,Great Plains Bladderpod,T5,S1,SNR,NA,NA,NA,Tier 2,3,2005,2005,0,NA,NA,46,1981,2008,3,2005,2008,9,1981,2008,0,NA,NA,61,Plantae,Tracheophyta,Magnoliopsida,Brassicales,Brassicaceae,Physaria,Physaria arenosa,Physaria arenosa arenosa,NA,NA,NA,Yes,NA
3049235,Physaria brassicoides,Rydberg's Double Twinpod,G5,S1,S3,NA,NA,NA,Tier 2,0,NA,NA,4,2004,2005,4,2004,2005,1,2005,2005,1,2005,2005,0,NA,NA,10,Plantae,Tracheophyta,Magnoliopsida,Brassicales,Brassicaceae,Physaria,Physaria brassicoides,NA,NA,NA,NA,Yes,NA
3049163,Physaria montana,Mountain Bladderpod,G5,S2,S1,NA,NA,NA,Tier 2,1,1995,1995,4,2004,2005,5,1995,2005,0,NA,NA,0,NA,NA,0,NA,NA,10,Plantae,Tracheophyta,Magnoliopsida,Brassicales,Brassicaceae,Physaria,Physaria montana,NA,NA,NA,NA,Yes,NA
5334465,Polygonum douglasii,Douglas' Knotweed,G5,S2,SNR,NA,NA,NA,Tier 2,7,1991,2008,0,NA,NA,8,1991,2010,1,2010,2010,7,1991,2010,0,NA,NA,23,Plantae,Tracheophyta,Magnoliopsida,Caryophyllales,Polygonaceae,Polygonum,Polygonum douglasii,NA,NA,NA,NA,Yes,NA
7219337,Polygonum sawatchense ssp. sawatchense,Sawatch Knotweed,TNR,S2,SNR,NA,NA,NA,Tier 2,6,1991,2008,0,NA,NA,2,1991,1991,2,1991,1991,2,1991,1991,0,NA,NA,12,Plantae,Tracheophyta,Magnoliopsida,Caryophyllales,Polygonaceae,Polygonum,Polygonum sawatchense,Polygonum sawatchense sawatchense,NA,NA,NA,Yes,NA
3040215,Populus tremuloides,Quaking Aspen,G5,S2,SNR,NA,NA,NA,Tier 2,6,1991,2016,0,NA,NA,9,1971,2006,2,1998,1998,7,1971,2003,0,NA,NA,24,Plantae,Tracheophyta,Magnoliopsida,Malpighiales,Salicaceae,Populus,Populus tremuloides,NA,NA,NA,NA,Yes,NA
3040193,Populus x acuminata,Lanceleaf Cottonwood,GNA,S1,SNA,NA,NA,NA,Tier 2,0,NA,NA,0,NA,NA,1,2005,2005,1,2005,2005,1,2005,2005,0,NA,NA,3,Plantae,Tracheophyta,Magnoliopsida,Malpighiales,Salicaceae,Populus,Populus acuminata,NA,NA,NA,2005,Yes,NA
5367733,Potentilla hippiana,Horse Cinquefoil,G5,S2,SNR,NA,NA,NA,Tier 2,6,1889,2016,0,NA,NA,0,NA,NA,0,NA,NA,0,NA,NA,0,NA,NA,6,Plantae,Tracheophyta,Magnoliopsida,Rosales,Rosaceae,Potentilla,Potentilla hippiana,NA,NA,NA,2016,Yes,NA
5334184,Pterospora andromedea,Giant Pinedrops,G5,S2,SNR,NA,NA,NA,Tier 2,4,1991,2008,0,NA,NA,2,2006,2008,0,NA,NA,0,NA,NA,0,NA,NA,6,Plantae,Tracheophyta,Magnoliopsida,Ericales,Ericaceae,Pterospora,Pterospora andromedea,NA,NA,NA,2008,Yes,NA
3928297,Ranunculus glaberrimus var. ellipticus,Sagebrush Buttercup,T5,S1,SNR,NA,NA,NA,Tier 2,1,1974,1975,0,NA,NA,2,1974,1975,0,NA,NA,2,1974,1975,0,NA,NA,5,Plantae,Tracheophyta,Magnoliopsida,Ranunculales,Ranunculaceae,Ranunculus,Ranunculus glaberrimus,NA,Ranunculus glaberrimus ellipticus,NA,1975,"No, there is insufficient spatial certainty that the observation occurred within the plan area","The  observation for the plan area has a location uncertainity of 2000m and part of the elements occurence record polygon  overlaps the edge of the plan area, thus it cannot be determined whether the observation was inside the plan area"
3033365,Ranunculus rhomboideus,Prairie Buttercup,G5,S1,SNR,NA,NA,NA,Tier 2,1,1912,1912,0,NA,NA,0,NA,NA,0,NA,NA,0,NA,NA,0,NA,NA,1,Plantae,Tracheophyta,Magnoliopsida,Ranunculales,Ranunculaceae,Ranunculus,Ranunculus rhomboideus,NA,NA,NA,1963,"No, there is insufficient spatial certainty that the observation occurred within the plan area","The observation for the plan area has a location uncertainity of 8000m and part of the elements occurence record polygon  overlaps the edge of the plan area, thus it cannot be determined whether the observation was inside the plan area"
2986164,Ribes hirtellum,Smooth Gooseberry,G5,S1,SNR,NA,NA,NA,Tier 2,1,1991,1991,0,NA,NA,0,NA,NA,0,NA,NA,0,NA,NA,0,NA,NA,1,Plantae,Tracheophyta,Magnoliopsida,Saxifragales,Grossulariaceae,Ribes,Ribes hirtellum,NA,NA,NA,1991,Yes,NA
3053227,Rorippa tenerrima,Modoc County Yellowcress,G5,S1,SNR,NA,NA,NA,Tier 2,1,2005,2005,0,NA,NA,1,2005,2005,0,NA,NA,0,NA,NA,0,NA,NA,2,Plantae,Tracheophyta,Magnoliopsida,Brassicales,Brassicaceae,Rorippa,Rorippa tenerrima,NA,NA,NA,2005,Yes,NA
5373055,Salix bebbiana,Bebb's Willow,G5,S1,SNR,NA,NA,NA,Tier 2,3,1889,1940,0,NA,NA,0,NA,NA,0,NA,NA,0,NA,NA,0,NA,NA,3,Plantae,Tracheophyta,Magnoliopsida,Malpighiales,Salicaceae,Salix,Salix bebbiana,NA,NA,NA,1940,"No, there is insufficient spatial certainty that the observation occurred within the plan area","There are three occurance polygons from NENHP that partially overlap the plan area from 1889, 1926, and 1940. These records are all classified as very low accuracy with a spatial uncertainty of 5 miles. It is therefore uncertain if this species occurs in the plan area."
7095876,Sedum lanceolatum var. lanceolatum,Lanceleaf Stonecrop,T5,S2,SNR,NA,NA,NA,Tier 2,5,1890,2012,0,NA,NA,2,2008,2008,0,NA,NA,1,2008,2008,0,NA,NA,8,Plantae,Tracheophyta,Magnoliopsida,Saxifragales,Crassulaceae,Sedum,Sedum lanceolatum,Sedum lanceolatum lanceolatum,NA,NA,NA,Yes,NA
6291148,Solidago speciosa var. pallida,Pale Showy Goldenrod,T4,S1,SNR,NA,NA,NA,Tier 2,0,NA,NA,0,NA,NA,1,2004,2004,0,NA,NA,0,NA,NA,0,NA,NA,1,Plantae,Tracheophyta,Magnoliopsida,Asterales,Asteraceae,Solidago,Solidago pallida,NA,Solidago speciosa pallida,NA,2004,Yes,NA
7225656,Stanleya pinnata var. pinnata,Desert Prince's-plume,T4,S1,SNR,NA,NA,NA,Tier 2,0,NA,NA,0,NA,NA,5,1991,2004,0,NA,NA,1,1991,1991,0,NA,NA,6,Plantae,Tracheophyta,Magnoliopsida,Brassicales,Brassicaceae,Stanleya,Stanleya pinnata,NA,Stanleya pinnata pinnata,NA,2004,Yes,NA
5401962,Townsendia hookeri,Hooker's Townsend-daisy,G5,S1,S3,NA,NA,NA,Tier 2,2,1970,1978,6,2003,2005,5,2003,2007,2,2005,2007,2,2005,2007,0,NA,NA,17,Plantae,Tracheophyta,Magnoliopsida,Asterales,Asteraceae,Townsendia,Townsendia hookeri,NA,NA,NA,NA,Yes,NA
3172414,Utricularia minor,Lesser Bladderwort,G5,S1,S2,NA,USFS R2 Sensitive Species,NA,Tier 2,2,1889,1995,0,NA,NA,3,1995,1995,1,1995,1995,2,1995,1995,0,NA,NA,8,Plantae,Tracheophyta,Magnoliopsida,Lamiales,Lentibulariaceae,Utricularia,Utricularia minor,NA,NA,NA,NA,Yes,NA
2888586,Viburnum lentago,Nannyberry,G5,S1,SNR,NA,NA,NA,Tier 2,1,1960,1960,0,NA,NA,0,NA,NA,0,NA,NA,0,NA,NA,0,NA,NA,1,Plantae,Tracheophyta,Magnoliopsida,Dipsacales,Viburnaceae,Viburnum,Viburnum lentago,NA,NA,NA,1960,"No, there is insufficient spatial certainty that the observation occurred within the plan area","The single observation for the plan area has a location uncertainity of 8000m and part of the elements occurence record polygon  overlaps the edge of the plan area, thus it cannot be determined whether the observation was inside the plan area"
5331199,Viola adunca,Sand Violet,G5,S1,SNR,NA,NA,NA,Tier 2,1,2015,2015,0,NA,NA,0,NA,NA,0,NA,NA,0,NA,NA,0,NA,NA,1,Plantae,Tracheophyta,Magnoliopsida,Malpighiales,Violaceae,Viola,Viola adunca,NA,NA,NA,2015,Yes,NA
5331175,Viola vallicola,Valley Violet,G5,S2,SNR,NA,NA,NA,Tier 2,2,2006,2015,0,NA,NA,6,1970,2006,1,1970,1970,5,1970,2006,0,NA,NA,14,Plantae,Tracheophyta,Magnoliopsida,Malpighiales,Violaceae,Viola,Viola vallicola,NA,NA,NA,NA,Yes,NA
5372401,Vitis vulpina,Winter Grape,G5,S1,SNR,NA,NA,NA,Tier 2,0,NA,NA,0,NA,NA,2,2004,2004,0,NA,NA,0,NA,NA,0,NA,NA,2,Plantae,Tracheophyta,Magnoliopsida,Vitales,Vitaceae,Vitis,Vitis vulpina,NA,NA,NA,2004,Yes,NA
6091692,Peucaea cassinii,Cassin's Sparrow,G5,S3,NA,NA,USFS R2 Sensitive Species,NA,Tier 2,0,NA,NA,0,NA,NA,0,NA,NA,7,2011,2018,0,NA,NA,19,2011,2021,26,Animalia,Chordata,Aves,Passeriformes,Passerellidae,Peucaea,Peucaea cassinii,NA,NA,NA,NA,Yes,NA
7261900,Myotis lucifugus lucifugus,Eastern Little Brown Myotis,TNR,S2,NA,NA,NA,NA,Tier 1,0,NA,NA,0,NA,NA,0,NA,NA,0,NA,NA,4,2012,2013,0,NA,NA,4,Animalia,Chordata,Mammalia,Chiroptera,Vespertilionidae,Myotis,Myotis lucifugus,Myotis lucifugus lucifugus,NA,NA,2013,Yes,4 specimens collected.  Records are Myotis lucifugus.
4264486,Thomomys talpoides pierreicolus,Pierre Northern Pocket Gopher,TNR,S2,NA,NA,NA,NA,Tier 1,4,2004,2004,0,NA,NA,0,NA,NA,2,1971,1987,2,1971,1987,0,NA,NA,8,Animalia,Chordata,Mammalia,Rodentia,Geomyidae,Thomomys,Thomomys talpoides,Thomomys talpoides pierreicolus,NA,NA,NA,Yes,NA
4990190,Coccinella novemnotata,Nine-spotted Lady Beetle,G5,S1,NA,NA,NA,NA,Tier 1,2,2014,2014,0,NA,NA,0,NA,NA,1,Inf,-Inf,0,NA,NA,0,NA,NA,3,Animalia,Arthropoda,Insecta,Coleoptera,Coccinellidae,Coccinella,Coccinella novemnotata,NA,NA,NA,2023,Yes,NA
1926009,Euphilotes ancilla,Rocky Mountain Dotted Blue,G5,S1,NA,NA,NA,NA,Tier 2,1,1999,1999,0,NA,NA,0,NA,NA,1,1999,1999,0,NA,NA,0,NA,NA,2,Animalia,Arthropoda,Insecta,Lepidoptera,Lycaenidae,Euphilotes,Euphilotes enoptes,NA,NA,NA,1999,"No, there is insufficient spatial certainty that the observation occurred within the plan area","The single, ~1,000-acre observation polygon that represents an unknown number of individuals partially overlaps the plan area. Thus, it cannot be determined whether the observation was inside the plan area."
8226569,Encoptolophus subgracilis,Southwestern Dusky Grasshopper,G5,S1,NA,NA,NA,NA,Tier 2,2,2008,2020,0,NA,NA,0,NA,NA,7,2008,2008,6,2008,2008,0,NA,NA,15,Animalia,Arthropoda,Insecta,Orthoptera,Acrididae,Nebulatettix,Nebulatettix subgracilis,NA,NA,NA,NA,Yes,NA
1699015,Melanoplus punctulatus,Pine Tree Spur-throat Grasshopper,G5,S1,NA,NA,NA,NA,Tier 2,1,2020,2020,0,NA,NA,0,NA,NA,1,Inf,-Inf,0,NA,NA,0,NA,NA,2,Animalia,Arthropoda,Insecta,Orthoptera,Acrididae,Melanoplus,Melanoplus punctulatus,NA,NA,NA,2020,Yes,NA
2703743,Bromus porteri,Porter's Chess,G5,S2,NA,NA,NA,NA,Tier 2,18,1889,2008,0,NA,NA,10,1991,2008,0,NA,NA,8,1991,2008,0,NA,NA,36,Plantae,Tracheophyta,Liliopsida,Poales,Poaceae,Bromus,Bromus porteri,NA,NA,NA,NA,Yes,NA
2723156,Carex diandra,Lesser Panicled Sedge,G5,S3,NA,NA,USFS R2 Sensitive Species,NA,NA,4,1893,2017,0,NA,NA,6,1995,2017,1,1995,1995,0,NA,NA,0,NA,NA,11,Plantae,Tracheophyta,Liliopsida,Poales,Cyperaceae,Carex,Carex diandra,NA,NA,NA,NA,Yes,NA
2728532,Carex lasiocarpa var. americana,Slender Sedge,T5,S1,NA,NA,NA,NA,Tier 2,1,2004,2004,0,NA,NA,0,NA,NA,0,NA,NA,0,NA,NA,0,NA,NA,1,Plantae,Tracheophyta,Liliopsida,Poales,Cyperaceae,Carex,Carex lasiocarpa,NA,Carex lasiocarpa americana,NA,2004,Yes,NA
2867614,Lemna minuta,Least Duckweed,G5,S1,NA,NA,NA,NA,Tier 2,2,1995,1995,0,NA,NA,3,1995,1995,1,1995,1995,1,1995,1995,0,NA,NA,7,Plantae,Tracheophyta,Liliopsida,Alismatales,Araceae,Lemna,Lemna minuta,NA,NA,NA,NA,Yes,NA
7066539,Agoseris glauca var. glauca,Pale Goat-chicory,T5,S1,NA,NA,NA,NA,NA,0,NA,NA,0,NA,NA,1,1974,1974,0,NA,NA,0,NA,NA,0,NA,NA,1,Plantae,Tracheophyta,Magnoliopsida,Asterales,Asteraceae,Agoseris,Agoseris glauca,NA,Agoseris glauca glauca,NA,1974,"No, there is insufficient temporal certainty that the species still occupies the plan area",species is more than 40 years old. Record has it occuring in Buffalo Gap National grassland with an uncertainity of 1 mile. Even with that un certainity it does fall with in the plan area. Ask unit about  this species if they know it has been recently observed
5384387,Amaranthus californicus,California Amaranth,G4,S2,NA,NA,NA,NA,Tier 2,10,1991,1998,0,NA,NA,9,1991,1998,2,1995,1998,9,1991,1998,0,NA,NA,30,Plantae,Tracheophyta,Magnoliopsida,Caryophyllales,Amaranthaceae,Amaranthus,Amaranthus californicus,NA,NA,NA,NA,Yes,NA
7226707,Anemone multifida var. multifida,Early Anemone,T5,S1,NA,NA,NA,NA,Tier 2,3,1889,1911,0,NA,NA,0,NA,NA,0,NA,NA,0,NA,NA,0,NA,NA,3,Plantae,Tracheophyta,Magnoliopsida,Ranunculales,Ranunculaceae,Anemone,Anemone multifida,NA,Anemone multifida multifida,NA,1911,"No, there is insufficient spatial certainty that the observation occurred within the plan area","The observation for the plan area has a location uncertainity of 8000m and part of the elements occurence record polygon  overlaps the edge of the plan area, thus it cannot be determined whether the observation was inside the plan area"
5385499,Antennaria rosea,Rosy Pussytoes,G5,S1,NA,NA,NA,NA,NA,0,NA,NA,0,NA,NA,4,2004,2005,0,NA,NA,0,NA,NA,0,NA,NA,4,Plantae,Tracheophyta,Magnoliopsida,Asterales,Asteraceae,Antennaria,Antennaria rosea,NA,NA,NA,2005,Yes,NA
8076188,Atriplex gardneri,Gardner's Saltbush,G5,S1,NA,NA,NA,NA,NA,0,NA,NA,0,NA,NA,1,1995,1995,2,1995,1995,0,NA,NA,0,NA,NA,3,Plantae,Tracheophyta,Magnoliopsida,Caryophyllales,Amaranthaceae,Atriplex,Atriplex gardneri,NA,NA,NA,1995,Yes,NA
7219352,Eriogonum brevicaule var. brevicaule,Shortstem Buckwheat,T4,S1,NA,NA,NA,NA,Tier 2,1,2004,2004,0,NA,NA,0,NA,NA,0,NA,NA,0,NA,NA,0,NA,NA,1,Plantae,Tracheophyta,Magnoliopsida,Caryophyllales,Polygonaceae,Eriogonum,Eriogonum brevicaule,NA,Eriogonum brevicaule brevicaule,NA,2004,Yes,NA
3066993,Euphorbia dentata,Toothed Spurge,G5,S1,NA,NA,NA,NA,NA,0,NA,NA,0,NA,NA,1,1999,1999,0,NA,NA,0,NA,NA,0,NA,NA,1,Plantae,Tracheophyta,Magnoliopsida,Malpighiales,Euphorbiaceae,Euphorbia,Euphorbia dentata,NA,NA,NA,1999,"No, there is insufficient spatial certainty that the observation occurred within the plan area",This species herbarium record says it occurs in the state of Wyoming and county Niobrara but it is spatially mapped in the plan area in the county of Fall River NE. Good to get input from unit on this one if any known occurences occur in the plan area
6396091,Heliotropium curassavicum var. obovatum,Seaside Heliotrope,T5,S1,NA,NA,NA,NA,Tier 2,0,NA,NA,0,NA,NA,1,2006,2006,1,2006,2006,1,2006,2006,0,NA,NA,3,Plantae,Tracheophyta,Magnoliopsida,Boraginales,Heliotropiaceae,Heliotropium,Heliotropium curassavicum,NA,Heliotropium curassavicum obovatum,NA,2006,Yes,NA
4274385,Hymenoxys richardsonii var. richardsonii,Richardson's Bitterweed,T5,S1,NA,NA,NA,NA,NA,1,2009,2009,0,NA,NA,2,2009,2009,1,2009,2009,2,2009,2009,0,NA,NA,6,Plantae,Tracheophyta,Magnoliopsida,Asterales,Asteraceae,Hymenoxys,Hymenoxys richardsonii,NA,Hymenoxys richardsonii richardsonii,NA,2009,Yes,NA
7764992,Penstemon haydenii,Blowout Penstemon,G2,S1,NA,Endangered,NA,NA,Tier 1,19,1891,2022,0,NA,NA,0,NA,NA,0,NA,NA,0,NA,NA,0,NA,NA,19,Plantae,Tracheophyta,Magnoliopsida,Lamiales,Plantaginaceae,Penstemon,Penstemon haydenii,NA,NA,NA,NA,Yes,NA
4022595,Phemeranthus calycinus,Large-Flower Fameflower,G5,S1,NA,NA,NA,NA,Tier 2,3,1900,2017,0,NA,NA,1,2017,2017,1,2018,2018,1,2018,2018,0,NA,NA,6,Plantae,Tracheophyta,Magnoliopsida,Caryophyllales,Montiaceae,Phemeranthus,Phemeranthus calycinus,NA,NA,NA,2018,Yes,NA
4022511,Phemeranthus rugospermus,Prairie Fameflower,G3,S3,NA,NA,NA,NA,NA,5,1995,2013,0,NA,NA,4,2013,2013,0,NA,NA,2,2013,2013,0,NA,NA,11,Plantae,Tracheophyta,Magnoliopsida,Caryophyllales,Montiaceae,Phemeranthus,Phemeranthus rugospermus,NA,NA,NA,NA,Yes,NA
5341810,Physalis pumila,Dwarf Ground-cherry,G5,S1,NA,NA,NA,NA,Tier 2,0,NA,NA,0,NA,NA,13,1911,2018,4,1911,2018,0,NA,NA,0,NA,NA,17,Plantae,Tracheophyta,Magnoliopsida,Solanales,Solanaceae,Physalis,Physalis pumila,NA,NA,NA,NA,Yes,NA
2888967,Rumex verticillatus,Swamp Dock,G5,S1,NA,NA,NA,NA,Tier 2,1,2004,2004,0,NA,NA,0,NA,NA,0,NA,NA,0,NA,NA,0,NA,NA,1,Plantae,Tracheophyta,Magnoliopsida,Caryophyllales,Polygonaceae,Rumex,Rumex verticillatus,NA,NA,NA,2005,Yes,NA
4231219,Senecio integerrimus var. scribneri,Scribner's Ragwort,T2,S1,NA,NA,NA,NA,Tier 2,2,2004,2005,0,NA,NA,8,1975,2005,0,NA,NA,3,1975,1995,0,NA,NA,13,Plantae,Tracheophyta,Magnoliopsida,Asterales,Asteraceae,Senecio,Senecio integerrimus,NA,Senecio integerrimus scribneri,NA,NA,Yes,NA
3141090,Stephanomeria runcinata,Desert Skeletonplant,G5,S2,NA,NA,NA,NA,Tier 2,1,2003,2003,0,NA,NA,2,2003,2003,0,NA,NA,1,2003,2003,0,NA,NA,4,Plantae,Tracheophyta,Magnoliopsida,Asterales,Asteraceae,Stephanomeria,Stephanomeria runcinata,NA,NA,NA,2003,Yes,NA
3083649,Suckleya suckleyana,Poison Suckleya,G5,S1,NA,NA,NA,NA,Tier 2,1,1996,2004,0,NA,NA,3,1995,2004,1,1995,1995,2,1995,1995,0,NA,NA,7,Plantae,Tracheophyta,Magnoliopsida,Caryophyllales,Amaranthaceae,Suckleya,Suckleya suckleyana,NA,NA,NA,NA,Yes,NA
3189588,Triadenum fraseri,Fraser's Marsh-St. John's-wort,G5,S2,NA,NA,NA,NA,Tier 2,2,1893,1933,0,NA,NA,0,NA,NA,0,NA,NA,0,NA,NA,0,NA,NA,2,Plantae,Tracheophyta,Magnoliopsida,Malpighiales,Hypericaceae,Triadenum,Triadenum fraseri,NA,NA,NA,1933,"No, there is insufficient spatial certainty that the observation occurred within the plan area","The observation for the plan area has a location uncertainity of 8000m and part of the elements occurence record polygon  overlaps the edge of the plan area, thus it cannot be determined whether the observation was inside the plan area"
5142062,Atrytone arogos,Arogos Skipper,G2,SNR,S2,NA,USFS R2 Sensitive Species,NA,NA,NA,NA,NA,NA,NA,NA,NA,NA,NA,NA,NA,NA,NA,NA,NA,NA,NA,NA,NA,Animalia,Arthropoda,Insecta,Lepidoptera,Hesperiidae,Atrytone,Atrytone arogos,NA,NA,NA,NA,"No, there is insufficient temporal certainty that the species still occupies the plan area","Observation record in Nebraska National Forest considered ""historical"" by Butterflies and Moths of North America. No records in Heimerl and Heimerl (2023)."
1912319,Boloria myrina,Myrina Fritillary,G5,S2,SNR,NA,NA,NA,Tier 1,NA,NA,NA,NA,NA,NA,NA,NA,NA,NA,NA,NA,NA,NA,NA,NA,NA,NA,NA,Animalia,Arthropoda,Insecta,Lepidoptera,Nymphalidae,Boloria,NA,NA,NA,NA,NA,"No, there is insufficient taxonomic certainty to identify the observation data to a species","This species was just recognized  by Zhang et al. (2022). Unless the plan area has been surveyed in the last two by someone with the expertise required to identify this newly-recognized species, it cannot be known to occur in the plan area."
1912319,Boloria myrina nebraskensis,Nebraska Fritillary,T3,SNR,NA,NA,NA,NA,Tier 1,NA,NA,NA,NA,NA,NA,NA,NA,NA,NA,NA,NA,NA,NA,NA,NA,NA,NA,NA,Animalia,Arthropoda,Insecta,Lepidoptera,Nymphalidae,Boloria,NA,NA,NA,NA,NA,"No, there is insufficient taxonomic certainty to identify the observation data to a species","This subspecies was just recognized  by Zhang et al. (2022). Unless the plan area has been surveyed in the last two by someone with the expertise required to identify this newly-recognized subspecies, it cannot be known to occur in the plan area."
1912319,Boloria myrina sabulocollis,Kohler's Fritillary,T3,S1,NA,NA,NA,NA,Tier 1,NA,NA,NA,NA,NA,NA,NA,NA,NA,NA,NA,NA,NA,NA,NA,NA,NA,NA,NA,Animalia,Arthropoda,Insecta,Lepidoptera,Nymphalidae,Boloria,NA,NA,NA,NA,NA,"No, there is insufficient taxonomic certainty to identify the observation data to a species","This subspecies was just recognized  by Zhang et al. (2022). Unless the plan area has been surveyed in the last two by someone with the expertise required to identify this newly-recognized subspecies, it cannot be known to occur in the plan area."
2438444,Neotoma floridana,Eastern Woodrat,G5,SNR,NA,NA,NA,NA,Tier 1,NA,NA,NA,NA,NA,NA,NA,NA,NA,NA,NA,NA,NA,NA,NA,NA,NA,NA,NA,Animalia,Chordata,Mammalia,Rodentia,Cricetidae,Neotoma,Neotoma floridana,NA,NA,NA,NA,?,Need unit's input on lumping vs splitting with bailey's eastern woodrat
2438444,Neotoma floridana baileyi,Bailey's Eastern Woodrat,T3,S4,NA,NA,NA,NA,Tier 1,NA,NA,NA,NA,NA,NA,NA,NA,NA,NA,NA,NA,NA,NA,NA,NA,NA,NA,NA,Animalia,Chordata,Mammalia,Rodentia,Cricetidae,Neotoma,Neotoma floridana,NA,NA,NA,NA,?,"Isolated, disjunct population that only occurs only in cool canyons in the Niobrara River Valley and a few of its major tributaries in Cherry, Brown, Keya Paha, and Rock counties {Graham et al. 2012}. Possible overlap with Samuel McKelvie NF? Hayes and Harrison (1992) found no mtDNA restriction site differences between subspecies baileyi and campestris and stated that further study is needed to determine the taxonomic status of these groups."
1918988,Phyciodes cocyta,Northern Crescent,G5,S1,SNR,NA,NA,NA,Tier 2,NA,NA,NA,NA,NA,NA,NA,NA,NA,NA,NA,NA,NA,NA,NA,NA,NA,NA,NA,Animalia,Arthropoda,Insecta,Lepidoptera,Nymphalidae,Phyciodes,Phyciodes tharos,NA,NA,NA,NA,"No, there is insufficient spatial certainty that the observation occurred within the plan area","Plan area is within species' range with records adjacent to the plan area in Butterflies and Moths of North America, but no records in plan area in Heimerl and Heimerl (2023) or Butterflies and Moths of North America."
1918988,Phyciodes pulchella,Field Crescent,G5,S1,SNR,NA,NA,NA,Tier 2,NA,NA,NA,NA,NA,NA,NA,NA,NA,NA,NA,NA,NA,NA,NA,NA,NA,NA,NA,Animalia,Arthropoda,Insecta,Lepidoptera,Nymphalidae,Phyciodes,Phyciodes tharos,NA,NA,NA,NA,"No, there is insufficient spatial certainty that the observation occurred within the plan area","Plan area is within species' range with records adjacent to the plan area in Butterflies and Moths of North America, but no records in plan area in Heimerl and Heimerl (2023) or Butterflies and Moths of North America."
