taxon_id,scientific_name,common_name,rounded_gRank,NE_sRank,SD_sRank,usfws_status,sd_te,nebraska_swap,kingdom,phylum,class,order,family,genus,species,subspecies,variety,form,NENHP_nObs,NENHP_minYear,NENHP_maxYear,SDNHP_nObs,SDNHP_minYear,SDNHP_maxYear,SEI_nObs,SEI_minYear,SEI_maxYear,GBIF_nObs,GBIF_minYear,GBIF_maxYear,iDB_nObs,iDB_minYear,iDB_maxYear,sum_nObs
2482032,Aechmophorus clarkii,Clark's Grebe,G5,S2,S2B,NA,NA,Tier 2,Animalia,Chordata,Aves,Podicipediformes,Podicipedidae,Aechmophorus,Aechmophorus clarkii,NA,NA,NA,0,NA,NA,0,NA,NA,0,NA,NA,4,2013,2021,0,NA,NA,4
2490268,Anthus spragueii,Sprague's Pipit,G3,SNRN,S2B,NA,NA,Tier 1,Animalia,Chordata,Aves,Passeriformes,Motacillidae,Anthus,Anthus spragueii,NA,NA,NA,0,NA,NA,2,1997,1997,0,NA,NA,46,1920,2022,1,1920,1920,49
2497295,Asio flammeus,Short-eared Owl,G5,S2,"S3B,S3N",NA,NA,Tier 1,Animalia,Chordata,Aves,Strigiformes,Strigidae,Asio,Asio flammeus,NA,NA,NA,0,NA,NA,0,NA,NA,0,NA,NA,85,1983,2022,1,2008,2008,86
2497240,Athene cunicularia,Burrowing Owl,G4,S2,S3B,NA,NA,Tier 1,Animalia,Chordata,Aves,Strigiformes,Strigidae,Athene,Athene cunicularia,NA,NA,NA,18,1992,2015,87,1991,2017,0,NA,NA,370,1983,2023,0,NA,NA,475
2480566,Buteo regalis,Ferruginous Hawk,G4,S2,S3B,NA,NA,Tier 1,Animalia,Chordata,Aves,Accipitriformes,Accipitridae,Buteo,Buteo regalis,NA,NA,NA,5,1984,2007,24,1979,2011,0,NA,NA,224,1987,2022,0,NA,NA,253
2491677,Calcarius ornatus,Chestnut-collared Longspur,G5,S3,S4B,NA,NA,Tier 1,Animalia,Chordata,Aves,Passeriformes,Calcariidae,Calcarius,Calcarius ornatus,NA,NA,NA,0,NA,NA,0,NA,NA,0,NA,NA,74,1882,2022,0,NA,NA,74
8292425,Calidris subruficollis,Buff-breasted Sandpiper,G4,S2N,SNA,NA,NA,Tier 1,Animalia,Chordata,Aves,Charadriiformes,Scolopacidae,Calidris,Calidris subruficollis,NA,NA,NA,0,NA,NA,0,NA,NA,0,NA,NA,1,2020,2020,0,NA,NA,1
5959240,Centrocercus urophasianus,Greater Sage-Grouse,G3,SX,S2,NA,NA,NA,Animalia,Chordata,Aves,Galliformes,Phasianidae,Centrocercus,Centrocercus urophasianus,NA,NA,NA,1,1987,1987,0,NA,NA,0,NA,NA,1,2016,2016,0,NA,NA,2
10783710,Centronyx bairdii,Baird's Sparrow,G4,SNRN,S2B,NA,NA,Tier 1,Animalia,Chordata,Aves,Passeriformes,Passerellidae,Centronyx,Centronyx bairdii,NA,NA,NA,0,NA,NA,5,1978,1997,0,NA,NA,18,2009,2019,0,NA,NA,23
10850807,Centronyx henslowii,Henslow's Sparrow,G4,S1,S1B,NA,NA,Tier 1,Animalia,Chordata,Aves,Passeriformes,Passerellidae,Centronyx,Centronyx henslowii,NA,NA,NA,0,NA,NA,0,NA,NA,0,NA,NA,9,2012,2020,0,NA,NA,9
9581157,Certhia americana,Brown Creeper,G5,S2,"S2B,SNRN",NA,NA,Tier 2,Animalia,Chordata,Aves,Passeriformes,Certhiidae,Certhia,Certhia americana,NA,NA,NA,2,1992,2009,0,NA,NA,0,NA,NA,67,1986,2022,0,NA,NA,69
2480283,Charadrius melodus,Piping Plover,G3,S2,S3B,Endangered; Threatened,NA,Tier 1,Animalia,Chordata,Aves,Charadriiformes,Charadriidae,Charadrius,Charadrius melodus,NA,NA,NA,0,NA,NA,0,NA,NA,0,NA,NA,1,2021,2021,0,NA,NA,1
2481119,Chlidonias niger,Black Tern,G4,S1,S3B,NA,NA,Tier 1,Animalia,Chordata,Aves,Charadriiformes,Laridae,Chlidonias,Chlidonias niger,NA,NA,NA,0,NA,NA,4,1993,1997,0,NA,NA,38,2003,2022,0,NA,NA,42
9606873,Cinclus mexicanus,American Dipper,G5,SNRN,S2,NA,Threatened,NA,Animalia,Chordata,Aves,Passeriformes,Cinclidae,Cinclus,Cinclus mexicanus,NA,NA,NA,0,NA,NA,0,NA,NA,0,NA,NA,1,1982,1982,0,NA,NA,1
2496286,Coccyzus erythropthalmus,Black-billed Cuckoo,G5,S3,S4B,NA,NA,Tier 1,Animalia,Chordata,Aves,Cuculiformes,Cuculidae,Coccyzus,Coccyzus erythropthalmus,NA,NA,NA,0,NA,NA,0,NA,NA,0,NA,NA,9,1957,2022,1,1957,1957,10
2482492,Corvus corax,Common Raven,G5,"SXB,S1N",SX,NA,NA,NA,Animalia,Chordata,Aves,Passeriformes,Corvidae,Corvus,Corvus corax,NA,NA,NA,0,NA,NA,0,NA,NA,0,NA,NA,1,Inf,-Inf,0,NA,NA,1
2498345,Cygnus buccinator,Trumpeter Swan,G4,S2,"S3B,S3N",NA,NA,Tier 2,Animalia,Chordata,Aves,Anseriformes,Anatidae,Cygnus,Cygnus buccinator,NA,NA,NA,8,2003,2023,0,NA,NA,0,NA,NA,43,1984,2022,0,NA,NA,51
9568685,Empidonax difficilis,Western Flycatcher,G5,S1,S4B,NA,NA,Tier 2,Animalia,Chordata,Aves,Passeriformes,Tyrannidae,Empidonax,Empidonax difficilis,NA,NA,NA,1,2009,2009,0,NA,NA,0,NA,NA,0,NA,NA,0,NA,NA,1
9813242,Falco columbarius,Merlin,G5,S1,"S2B,SNRN",NA,NA,Tier 2,Animalia,Chordata,Aves,Falconiformes,Falconidae,Falco,Falco columbarius,NA,NA,NA,5,1978,1991,0,NA,NA,0,NA,NA,43,1983,2022,0,NA,NA,48
2481000,Falco mexicanus,Prairie Falcon,G5,S2,"S2B,SNRN",NA,NA,Tier 2,Animalia,Chordata,Aves,Falconiformes,Falconidae,Falco,Falco mexicanus,NA,NA,NA,12,1972,1986,4,1983,1988,0,NA,NA,204,1935,2022,1,1935,1935,221
2481047,Falco peregrinus,Peregrine Falcon,G4,S1,S1B,NA,Threatened,Tier 2,Animalia,Chordata,Aves,Falconiformes,Falconidae,Falco,Falco peregrinus,NA,NA,NA,1,1996,1996,0,NA,NA,0,NA,NA,10,2009,2022,0,NA,NA,11
2474941,Grus americana,Whooping Crane,G1,S1,S1M,"Endangered; Experimental population, non-essential",NA,Tier 1,Animalia,Chordata,Aves,Gruiformes,Gruidae,Grus,Grus americana,NA,NA,NA,2,1974,1987,5,1982,2015,0,NA,NA,2,2012,2020,0,NA,NA,9
5229498,Gymnorhinus cyanocephalus,Pinyon Jay,G3,S3,"S4B,S4N",Under Review,NA,Tier 1,Animalia,Chordata,Aves,Passeriformes,Corvidae,Gymnorhinus,Gymnorhinus cyanocephalus,NA,NA,NA,1,2006,2006,0,NA,NA,0,NA,NA,21,1986,2022,0,NA,NA,22
2490872,Hylocichla mustelina,Wood Thrush,G4,S3,S1B,NA,NA,Tier 1,Animalia,Chordata,Aves,Passeriformes,Turdidae,Hylocichla,Hylocichla mustelina,NA,NA,NA,0,NA,NA,0,NA,NA,0,NA,NA,1,2016,2016,0,NA,NA,1
2492870,Lanius ludovicianus,Loggerhead Shrike,G4,S3,S3B,NA,NA,Tier 1,Animalia,Chordata,Aves,Passeriformes,Laniidae,Lanius,Lanius ludovicianus,NA,NA,NA,0,NA,NA,1,1992,1992,0,NA,NA,370,1970,2022,1,1985,1985,372
2481672,Limnodromus griseus,Short-billed Dowitcher,G3,SNRN,SNA,NA,NA,NA,Animalia,Chordata,Aves,Charadriiformes,Scolopacidae,Limnodromus,Limnodromus griseus,NA,NA,NA,0,NA,NA,0,NA,NA,0,NA,NA,3,2010,2017,0,NA,NA,3
2498155,Mareca americana,American Wigeon,G5,S2,S4B,NA,NA,Tier 2,Animalia,Chordata,Aves,Anseriformes,Anatidae,Mareca,Mareca americana,NA,NA,NA,0,NA,NA,0,NA,NA,0,NA,NA,204,1988,2022,0,NA,NA,204
2478142,Melanerpes lewis,Lewis's Woodpecker,G4,S1,S2,NA,NA,Tier 2,Animalia,Chordata,Aves,Piciformes,Picidae,Melanerpes,Melanerpes lewis,NA,NA,NA,3,1985,2001,0,NA,NA,0,NA,NA,28,1980,2022,0,NA,NA,31
2490849,Myadestes townsendi,Townsend's Solitaire,G5,S2,"S4B,S4N",NA,NA,Tier 2,Animalia,Chordata,Aves,Passeriformes,Turdidae,Myadestes,Myadestes townsendi,NA,NA,NA,1,2009,2009,0,NA,NA,0,NA,NA,149,1978,2022,2,1919,1967,152
2481794,Numenius americanus,Long-billed Curlew,G4,S3,S3B,NA,NA,Tier 1,Animalia,Chordata,Aves,Charadriiformes,Scolopacidae,Numenius,Numenius americanus,NA,NA,NA,17,1973,2009,20,1971,2012,0,NA,NA,173,1966,2022,0,NA,NA,210
2494973,Oreoscoptes montanus,Sage Thrasher,G4,S1B,S1B,NA,NA,NA,Animalia,Chordata,Aves,Passeriformes,Mimidae,Oreoscoptes,Oreoscoptes montanus,NA,NA,NA,0,NA,NA,3,1970,2012,0,NA,NA,20,1901,2016,1,1901,1901,24
2480726,Pandion haliaetus,Osprey,G5,SNRN,S3B,NA,Threatened,NA,Animalia,Chordata,Aves,Accipitriformes,Pandionidae,Pandion,Pandion haliaetus,NA,NA,NA,0,NA,NA,0,NA,NA,0,NA,NA,52,1986,2022,0,NA,NA,52
5229487,Pica hudsonia,Black-billed Magpie,G5,S2,S4,NA,NA,Tier 1,Animalia,Chordata,Aves,Passeriformes,Corvidae,Pica,Pica hudsonia,NA,NA,NA,0,NA,NA,0,NA,NA,0,NA,NA,169,1971,2022,1,1918,1918,170
6093927,Rhynchophanes mccownii,Thick-billed Longspur,G4,S3,SHB,NA,NA,Tier 1,Animalia,Chordata,Aves,Passeriformes,Calcariidae,Rhynchophanes,Rhynchophanes mccownii,NA,NA,NA,0,NA,NA,0,NA,NA,0,NA,NA,4,1995,2014,0,NA,NA,4
9345027,Spatula cyanoptera,Cinnamon Teal,G5,S1,S4B,NA,NA,Tier 2,Animalia,Chordata,Aves,Anseriformes,Anatidae,Spatula,Spatula cyanoptera,NA,NA,NA,0,NA,NA,0,NA,NA,0,NA,NA,19,2005,2022,0,NA,NA,19
2492099,Spizella breweri,Brewer's Sparrow,G5,S1,S2B,NA,NA,Tier 1,Animalia,Chordata,Aves,Passeriformes,Passerellidae,Spizella,Spizella breweri,NA,NA,NA,0,NA,NA,4,1970,2010,0,NA,NA,89,1978,2022,2,1985,2014,95
5229247,Sterna forsteri,Forster's Tern,G5,S2,S4B,NA,NA,Tier 2,Animalia,Chordata,Aves,Charadriiformes,Laridae,Sterna,Sterna forsteri,NA,NA,NA,0,NA,NA,0,NA,NA,0,NA,NA,15,2010,2021,0,NA,NA,15
5789285,Sternula antillarum,Least Tern,G4,SNR,S3B,NA,Endangered,NA,Animalia,Chordata,Aves,Charadriiformes,Laridae,Sternula,Sternula antillarum,NA,NA,NA,0,NA,NA,0,NA,NA,0,NA,NA,1,2014,2014,0,NA,NA,1
9353154,Vireo plumbeus,Plumbeous Vireo,G5,S2,S4B,NA,NA,Tier 2,Animalia,Chordata,Aves,Passeriformes,Vireonidae,Vireo,Vireo plumbeus,NA,NA,NA,2,2006,2009,0,NA,NA,0,NA,NA,73,2006,2022,0,NA,NA,75
2432479,Corynorhinus townsendii,Townsend's Big-eared Bat,G4,S1,S2,NA,NA,Tier 2,Animalia,Chordata,Mammalia,Chiroptera,Vespertilionidae,Corynorhinus,Corynorhinus townsendii,NA,NA,NA,0,NA,NA,4,2004,2004,0,NA,NA,0,NA,NA,0,NA,NA,4
2432341,Lasionycteris noctivagans,Silver-haired Bat,G3,S3,S3,NA,NA,Tier 1,Animalia,Chordata,Mammalia,Chiroptera,Vespertilionidae,Lasionycteris,Lasionycteris noctivagans,NA,NA,NA,7,1988,2015,18,2005,2016,0,NA,NA,2,2000,2013,2,2000,2013,29
5218543,Lasiurus borealis,Eastern Red Bat,G3,S3,S5,NA,NA,Tier 1,Animalia,Chordata,Mammalia,Chiroptera,Vespertilionidae,Lasiurus,Lasiurus borealis,NA,NA,NA,4,1994,2016,0,NA,NA,0,NA,NA,4,2000,2000,4,2000,2000,12
11138256,Lasiurus cinereus,Northern Hoary Bat,G3,S3,S5,NA,NA,Tier 1,Animalia,Chordata,Mammalia,Chiroptera,Vespertilionidae,Aeorestes,Aeorestes cinereus,NA,NA,NA,3,1999,2019,0,NA,NA,0,NA,NA,6,2000,2001,1,2013,2013,10
5218985,Mustela nigripes,Black-footed Ferret,G1,SH,S1,"Endangered; Experimental population, non-essential",NA,NA,Animalia,Chordata,Mammalia,Carnivora,Mustelidae,Mustela,Mustela nigripes,NA,NA,NA,0,NA,NA,8,1953,2019,0,NA,NA,2,Inf,-Inf,0,NA,NA,10
2432406,Myotis lucifugus,Little Brown Myotis,G3,SNR,S5,Under Review,NA,Tier 1,Animalia,Chordata,Mammalia,Chiroptera,Vespertilionidae,Myotis,Myotis lucifugus,NA,NA,NA,9,1957,2016,0,NA,NA,0,NA,NA,5,2012,2013,0,NA,NA,14
2432436,Myotis septentrionalis,Northern Myotis,G2,S1,S2,Endangered,NA,Tier 1,Animalia,Chordata,Mammalia,Chiroptera,Vespertilionidae,Myotis,Myotis septentrionalis,NA,NA,NA,1,2000,2000,15,1994,2016,0,NA,NA,4,2000,2000,4,2000,2000,24
4266351,Myotis thysanodes pahasapensis,Fringe-tailed Myotis,T3,S1,S2,NA,NA,Tier 1,Animalia,Chordata,Mammalia,Chiroptera,Vespertilionidae,Myotis,Myotis thysanodes,Myotis thysanodes pahasapensis,NA,NA,5,2004,2016,10,2005,2016,0,NA,NA,0,NA,NA,0,NA,NA,15
2432411,Myotis volans,Long-legged Myotis,G4,S1,S5,NA,NA,Tier 2,Animalia,Chordata,Mammalia,Chiroptera,Vespertilionidae,Myotis,Myotis volans,NA,NA,NA,3,1995,2012,0,NA,NA,0,NA,NA,1,Inf,-Inf,1,2012,2012,5
2437432,Neotamias minimus,Least Chipmunk,G5,S1,S5,NA,NA,Tier 2,Animalia,Chordata,Mammalia,Rodentia,Sciuridae,Tamias,Tamias minimus,NA,NA,NA,11,1989,1997,0,NA,NA,0,NA,NA,30,1934,1984,1,1984,1984,42
2441119,Ovis canadensis,Bighorn Sheep,G4,S2,S4,NA,NA,Tier 1,Animalia,Chordata,Mammalia,Artiodactyla,Bovidae,Ovis,Ovis canadensis,NA,NA,NA,0,NA,NA,0,NA,NA,0,NA,NA,51,1998,2020,0,NA,NA,51
2439561,Perognathus fasciatus,Olive-backed Pocket Mouse,G5,S1,S4,NA,NA,Tier 2,Animalia,Chordata,Mammalia,Rodentia,Heteromyidae,Perognathus,Perognathus fasciatus,NA,NA,NA,0,NA,NA,0,NA,NA,0,NA,NA,4,1935,2002,1,2002,2002,5
2439566,Perognathus flavus,Silky Pocket Mouse,G5,S1,SU,NA,NA,Tier 2,Animalia,Chordata,Mammalia,Rodentia,Heteromyidae,Perognathus,Perognathus flavus,NA,NA,NA,0,NA,NA,0,NA,NA,0,NA,NA,10,2011,2011,1,Inf,-Inf,11
2435099,Puma concolor,Cougar,G5,S1,S2,NA,NA,Tier 2,Animalia,Chordata,Mammalia,Carnivora,Felidae,Puma,Puma concolor,NA,NA,NA,1,1991,1991,0,NA,NA,0,NA,NA,1,Inf,-Inf,0,NA,NA,2
2435989,Sorex merriami,Merriam's Shrew,G4,S1,S1,NA,NA,Tier 2,Animalia,Chordata,Mammalia,Soricomorpha,Soricidae,Sorex,Sorex merriami,NA,NA,NA,1,1989,1989,0,NA,NA,0,NA,NA,0,NA,NA,0,NA,NA,1
2436108,Sorex nanus,Dwarf Shrew,G4,S1,S1,NA,NA,Tier 2,Animalia,Chordata,Mammalia,Soricomorpha,Soricidae,Sorex,Sorex nanus,NA,NA,NA,1,2004,2004,1,1970,1970,0,NA,NA,3,1970,1970,3,1970,1970,8
5219290,Vulpes velox,Swift Fox,G3,S2,S3,NA,Threatened,Tier 1,Animalia,Chordata,Mammalia,Carnivora,Canidae,Vulpes,Vulpes velox,NA,NA,NA,52,1973,2016,18,1970,2016,0,NA,NA,2,2016,2016,0,NA,NA,72
2457545,Thamnophis elegans,Terrestrial Gartersnake,G5,S1,S4,NA,NA,Tier 2,Animalia,Chordata,Squamata,NA,Colubridae,Thamnophis,Thamnophis elegans,NA,NA,NA,1,1983,1983,0,NA,NA,0,NA,NA,1,1957,1957,0,NA,NA,2
5220530,Emydoidea blandingii,Blanding's Turtle,G4,S4,SH,Under Review,NA,Tier 1,Animalia,Chordata,Testudines,NA,Emydidae,Emys,Emys blandingii,NA,NA,NA,4,1957,2020,0,NA,NA,0,NA,NA,2,1957,1957,2,1957,1957,8
5203693,Fundulus sciadicus,Plains Topminnow,G4,S3,S4,NA,NA,Tier 1,Animalia,Chordata,NA,Cyprinodontiformes,Fundulidae,Fundulus,Fundulus sciadicus,NA,NA,NA,10,1939,2019,4,1991,2004,0,NA,NA,1,2021,2021,3,1968,2008,18
2364397,Hybognathus argyritis,Western Silvery Minnow,G4,S2,S5,NA,NA,Tier 1,Animalia,Chordata,NA,Cypriniformes,Cyprinidae,Hybognathus,Hybognathus argyritis,NA,NA,NA,2,1987,1996,0,NA,NA,0,NA,NA,0,NA,NA,0,NA,NA,2
2364391,Hybognathus placitus,Plains Minnow,G4,S2,S5,NA,NA,Tier 1,Animalia,Chordata,NA,Cypriniformes,Cyprinidae,Hybognathus,Hybognathus placitus,NA,NA,NA,1,1987,1987,1,1994,1994,0,NA,NA,1,Inf,-Inf,2,2003,2003,5
2362060,Macrhybopsis gelida,Sturgeon Chub,G3,S1,S3,NA,Threatened,Tier 1,Animalia,Chordata,NA,Cypriniformes,Cyprinidae,Macrhybopsis,Macrhybopsis gelida,NA,NA,NA,0,NA,NA,2,1994,1994,0,NA,NA,0,NA,NA,0,NA,NA,2
2360891,Margariscus nachtriebi,Northern Pearl Dace,G5,S2,S2,NA,Threatened,Tier 2,Animalia,Chordata,NA,Cypriniformes,Cyprinidae,Margariscus,Margariscus nachtriebi,NA,NA,NA,2,1973,1978,0,NA,NA,0,NA,NA,0,NA,NA,0,NA,NA,2
2362289,Notropis topeka,Topeka Shiner,G3,S1,S3,"Endangered; Experimental population, non-essential",NA,Tier 1,Animalia,Chordata,NA,Cypriniformes,Cyprinidae,Notropis,Notropis topeka,NA,NA,NA,0,NA,NA,0,NA,NA,0,NA,NA,1,Inf,-Inf,1,Inf,-Inf,2
2362460,Platygobio gracilis,Flathead Chub,G5,S2,S5,NA,NA,Tier 1,Animalia,Chordata,NA,Cypriniformes,Cyprinidae,Platygobio,Platygobio gracilis,NA,NA,NA,8,1970,2003,4,1994,1994,0,NA,NA,1,1950,1950,2,2003,2003,15
2294047,Pupoides inornatus,Rocky Mountain Dagger,G2,SH,SH,NA,NA,NA,Animalia,Mollusca,Gastropoda,Stylommatophora,Pupillidae,Pupoides,Pupoides inornatus,NA,NA,NA,0,NA,NA,0,NA,NA,0,NA,NA,1,1914,1914,0,NA,NA,1
1340478,Bombus fervidus,Yellow Bumble Bee,G3,SNR,SNR,NA,NA,NA,Animalia,Arthropoda,Insecta,Hymenoptera,Apidae,Bombus,Bombus fervidus,NA,NA,NA,0,NA,NA,0,NA,NA,0,NA,NA,25,1999,2010,0,NA,NA,25
1340432,Bombus fraternus,Southern Plains Bumble Bee,G3,SNR,SNR,NA,NA,Tier 1,Animalia,Arthropoda,Insecta,Hymenoptera,Apidae,Bombus,Bombus fraternus,NA,NA,NA,0,NA,NA,0,NA,NA,0,NA,NA,4,2000,2011,0,NA,NA,4
1340475,Bombus morrisoni,Morrison's Bumble Bee,G3,SH,SNR,NA,NA,NA,Animalia,Arthropoda,Insecta,Hymenoptera,Apidae,Bombus,Bombus morrisoni,NA,NA,NA,0,NA,NA,0,NA,NA,0,NA,NA,9,1922,1922,6,1922,1922,15
1340429,Bombus occidentalis,Western Bumble Bee,G3,SNR,SNR,Under Review,NA,NA,Animalia,Arthropoda,Insecta,Hymenoptera,Apidae,Bombus,Bombus occidentalis,NA,NA,NA,0,NA,NA,0,NA,NA,0,NA,NA,1,1939,1939,0,NA,NA,1
1340416,Bombus pensylvanicus,American Bumble Bee,G3,SNR,SNR,Under Review,NA,NA,Animalia,Arthropoda,Insecta,Hymenoptera,Apidae,Bombus,Bombus pensylvanicus,NA,NA,NA,0,NA,NA,0,NA,NA,0,NA,NA,12,1999,2022,1,1953,1953,13
1335178,Megachile dakotensis,a leafcutter bee,G2,SNR,SNR,NA,NA,NA,Animalia,Arthropoda,Insecta,Hymenoptera,Megachilidae,Megachile,Megachile dakotensis,NA,NA,NA,0,NA,NA,0,NA,NA,0,NA,NA,1,Inf,-Inf,1,1908,1908,2
1336409,Megachile dentitarsus,Spiny-legged Leafcutter Bee,G3,SNR,SNR,NA,NA,NA,Animalia,Arthropoda,Insecta,Hymenoptera,Megachilidae,Megachile,Megachile dentitarsus,NA,NA,NA,0,NA,NA,0,NA,NA,0,NA,NA,1,1924,1924,0,NA,NA,1
1335868,Megachile fortis,Robust Sunflower Leafcutter Bee,G2,SNR,SNR,NA,NA,NA,Animalia,Arthropoda,Insecta,Hymenoptera,Megachilidae,Megachile,Megachile fortis,NA,NA,NA,0,NA,NA,0,NA,NA,0,NA,NA,1,Inf,-Inf,0,NA,NA,1
5039069,Osmia cyaneonitens,Blue Shining Mason Bee,G3,SNR,SNR,NA,NA,NA,Animalia,Arthropoda,Insecta,Hymenoptera,Megachilidae,Osmia,Osmia cyaneonitens,NA,NA,NA,0,NA,NA,0,NA,NA,0,NA,NA,1,1983,1983,0,NA,NA,1
5042238,Nomia universitatis,a nomia bee,G3,SNR,SNR,NA,NA,NA,Animalia,Arthropoda,Insecta,Hymenoptera,Halictidae,Nomia,Nomia universitatis,NA,NA,NA,0,NA,NA,0,NA,NA,0,NA,NA,2,2011,2012,0,NA,NA,2
1334800,Anthidium psoraleae,a wool-carder bee,G3,SNR,SNR,NA,NA,NA,Animalia,Arthropoda,Insecta,Hymenoptera,Megachilidae,Anthidium,Anthidium psoraleae,NA,NA,NA,0,NA,NA,0,NA,NA,0,NA,NA,3,2010,2012,0,NA,NA,3
7570226,Parvindela terricola cinctipennis,Belted-winged Tiger Beetle,T5,S1,SNR,NA,NA,Tier 2,Animalia,Arthropoda,Insecta,Coleoptera,Carabidae,Cylindera,Cylindera terricola,NA,NA,NA,1,1985,1985,0,NA,NA,0,NA,NA,1,2022,2022,0,NA,NA,2
1034935,Cicindela nebraskana,Prairie Long-lipped Tiger Beetle,G5,S1,S4,NA,NA,Tier 2,Animalia,Arthropoda,Insecta,Coleoptera,Carabidae,Cicindela,Cicindela nebraskana,NA,NA,NA,0,NA,NA,0,NA,NA,0,NA,NA,1,Inf,-Inf,0,NA,NA,1
8177087,Ellipsoptera lepida,Ghost Tiger Beetle,G3,S2,S1,NA,NA,Tier 1,Animalia,Arthropoda,Insecta,Coleoptera,Carabidae,Ellipsoptera,Ellipsoptera lepida,NA,NA,NA,1,2003,2003,0,NA,NA,0,NA,NA,0,NA,NA,0,NA,NA,1
9147984,Ellipsoptera nevadica makosika,Indian Creek Tiger Beetle,T1,NA,S1,NA,NA,NA,Animalia,Arthropoda,Insecta,Coleoptera,Carabidae,Ellipsoptera,Ellipsoptera nevadica,Ellipsoptera nevadica makosika,NA,NA,0,NA,NA,2,Inf,2003,0,NA,NA,9,2002,2022,2,2002,2002,13
1038971,Nicrophorus americanus,American Burying Beetle,G3,S3,S2,"Threatened; Experimental population, non-essential",NA,Tier 1,Animalia,Arthropoda,Insecta,Coleoptera,Staphylinidae,Nicrophorus,Nicrophorus americanus,NA,NA,NA,52,1969,2022,0,NA,NA,0,NA,NA,0,NA,NA,0,NA,NA,52
1948801,Amblyscirtes oslari,Oslar's Roadside-Skipper,G4,S2,SNR,NA,NA,Tier 2,Animalia,Arthropoda,Insecta,Lepidoptera,Hesperiidae,Mastor,Mastor oslari,NA,NA,NA,0,NA,NA,0,NA,NA,0,NA,NA,2,1953,1999,1,1953,1953,3
1905162,Argynnis idalia,Regal Fritillary,G3,S3,S3,Under Review,NA,Tier 1,Animalia,Arthropoda,Insecta,Lepidoptera,Nymphalidae,Speyeria,Speyeria idalia,NA,NA,NA,0,NA,NA,3,1990,2021,0,NA,NA,3,Inf,-Inf,0,NA,NA,6
1914464,Chlosyne acastus,Sagebrush Checkerspot,G5,S1,SNR,NA,NA,Tier 2,Animalia,Arthropoda,Insecta,Lepidoptera,Nymphalidae,Chlosyne,Chlosyne acastus,NA,NA,NA,0,NA,NA,0,NA,NA,0,NA,NA,1,Inf,-Inf,0,NA,NA,1
1911246,Coenonympha california,Common Ringlet,G5,S2,SNR,NA,NA,Tier 2,Animalia,Arthropoda,Insecta,Lepidoptera,Nymphalidae,Coenonympha,Coenonympha california,NA,NA,NA,1,2000,2020,0,NA,NA,0,NA,NA,5,1966,2023,3,1966,1967,9
5977235,Erynnis afranius,Afranius Duskywing,G5,S2,SNR,NA,NA,Tier 2,Animalia,Arthropoda,Insecta,Lepidoptera,Hesperiidae,Erynnis,Erynnis afranius,NA,NA,NA,2,2011,2020,0,NA,NA,0,NA,NA,0,NA,NA,0,NA,NA,2
5142239,Hesperia ottoe,Ottoe Skipper,G3,S2,S2,NA,NA,Tier 1,Animalia,Arthropoda,Insecta,Lepidoptera,Hesperiidae,Hesperia,Hesperia ottoe,NA,NA,NA,0,NA,NA,1,1983,1983,0,NA,NA,0,NA,NA,0,NA,NA,1
5142328,Hesperia pahaska,Pahaska Skipper,G5,S2,SNR,NA,NA,Tier 2,Animalia,Arthropoda,Insecta,Lepidoptera,Hesperiidae,Hesperia,Hesperia pahaska,NA,NA,NA,2,1995,1995,0,NA,NA,0,NA,NA,2,1953,1986,2,1953,1986,6
5142319,Hesperia uncas,Uncas Skipper,G4,S2,SNR,NA,NA,Tier 2,Animalia,Arthropoda,Insecta,Lepidoptera,Hesperiidae,Hesperia,Hesperia uncas,NA,NA,NA,1,2020,2020,0,NA,NA,0,NA,NA,1,1953,1953,1,1953,1953,3
11776315,Lon taxiles,Taxiles Skipper,G5,S2,SNR,NA,NA,Tier 2,Animalia,Arthropoda,Insecta,Lepidoptera,Hesperiidae,Lon,Lon taxiles,NA,NA,NA,7,1986,2022,0,NA,NA,0,NA,NA,17,2022,2022,0,NA,NA,24
5137511,Neophasia menapia,Pine White,G5,S2,SNR,NA,NA,Tier 2,Animalia,Arthropoda,Insecta,Lepidoptera,Pieridae,Neophasia,Neophasia menapia,NA,NA,NA,0,NA,NA,0,NA,NA,0,NA,NA,1,1994,1994,1,1994,1994,2
1951340,Oarisma garita,Garita Skipperling,G4,S2,SNR,NA,NA,Tier 2,Animalia,Arthropoda,Insecta,Lepidoptera,Hesperiidae,Oarisma,Oarisma garita,NA,NA,NA,1,1995,1995,0,NA,NA,0,NA,NA,2,1953,1953,2,1953,1953,5
5128266,Oeneis uhleri,Uhler's Arctic,G5,S2,SNR,NA,NA,Tier 2,Animalia,Arthropoda,Insecta,Lepidoptera,Nymphalidae,Oeneis,Oeneis uhleri,NA,NA,NA,1,Inf,-Inf,0,NA,NA,0,NA,NA,0,NA,NA,0,NA,NA,1
1918986,Phyciodes batesii,Tawny Crescent,G3,S1,S1,NA,NA,Tier 1,Animalia,Arthropoda,Insecta,Lepidoptera,Nymphalidae,Phyciodes,Phyciodes batesii,NA,NA,NA,3,1995,1995,0,NA,NA,0,NA,NA,5,2023,2023,0,NA,NA,8
5137791,Pontia occidentalis,Western White,G5,S2,SNR,NA,NA,Tier 2,Animalia,Arthropoda,Insecta,Lepidoptera,Pieridae,Pontia,Pontia occidentalis,NA,NA,NA,0,NA,NA,0,NA,NA,0,NA,NA,2,2023,2023,0,NA,NA,2
5714788,Satyrium liparops,Striped Hairstreak,G5,S2,SNR,NA,NA,Tier 2,Animalia,Arthropoda,Insecta,Lepidoptera,Lycaenidae,Satyrium,Satyrium liparops,NA,NA,NA,4,2001,2022,0,NA,NA,0,NA,NA,5,1999,1999,0,NA,NA,9
1865345,Hemileuca hera,Hera Sheepmoth,G5,S1,SNR,NA,NA,Tier 2,Animalia,Arthropoda,Insecta,Lepidoptera,Saturniidae,Hemileuca,Hemileuca hera,NA,NA,NA,2,2014,2019,0,NA,NA,0,NA,NA,14,2014,2014,0,NA,NA,16
1797114,Catocala abbreviatella,Abbreviated Underwing,G3,SNR,SNR,NA,NA,NA,Animalia,Arthropoda,Insecta,Lepidoptera,Erebidae,Catocala,Catocala abbreviatella,NA,NA,NA,0,NA,NA,0,NA,NA,0,NA,NA,4,1964,1964,4,1964,1964,8
1797507,Catocala aholibah,Aholibah Underwing Moth,G5,S1,SNR,NA,NA,Tier 2,Animalia,Arthropoda,Insecta,Lepidoptera,Erebidae,Catocala,Catocala aholibah,NA,NA,NA,1,2014,2014,0,NA,NA,0,NA,NA,2,2014,2014,0,NA,NA,3
1797397,Catocala nuptialis,Married Underwing,G3,SNR,SNR,NA,NA,Tier 1,Animalia,Arthropoda,Insecta,Lepidoptera,Erebidae,Catocala,Catocala nuptialis,NA,NA,NA,2,2012,2014,0,NA,NA,0,NA,NA,2,2014,2014,0,NA,NA,4
1797227,Catocala whitneyi,Whitney's Underwing,G2,S1,SNR,NA,NA,Tier 1,Animalia,Arthropoda,Insecta,Lepidoptera,Erebidae,Catocala,Catocala whitneyi,NA,NA,NA,1,1983,1983,0,NA,NA,0,NA,NA,1,2014,2014,0,NA,NA,2
5051883,Stylurus notatus,Elusive Clubtail,G3,SNR,SNR,NA,NA,Tier 2,Animalia,Arthropoda,Insecta,Odonata,Gomphidae,Stylurus,Stylurus notatus,NA,NA,NA,1,2002,2002,0,NA,NA,0,NA,NA,0,NA,NA,0,NA,NA,1
1541347,Eristalis brousii,Hourglass Drone Fly,G4,S1,SNR,NA,NA,Tier 1,Animalia,Arthropoda,Insecta,Diptera,Syrphidae,Eristalis,Eristalis brousii,NA,NA,NA,1,2003,2003,0,NA,NA,0,NA,NA,0,NA,NA,0,NA,NA,1
2687937,Equisetum fluviatile,Water Horsetail,G5,S1,SNR,NA,NA,Tier 2,Plantae,Tracheophyta,Polypodiopsida,Equisetales,Equisetaceae,Equisetum,Equisetum fluviatile,NA,NA,NA,1,2017,2017,0,NA,NA,3,2005,2017,0,NA,NA,1,2017,2017,5
5275149,Dryopteris carthusiana,Spinulose Shieldfern,G5,S2,S1,NA,NA,Tier 2,Plantae,Tracheophyta,Polypodiopsida,Polypodiales,Dryopteridaceae,Dryopteris,Dryopteris carthusiana,NA,NA,NA,1,1995,1995,0,NA,NA,1,1995,1995,0,NA,NA,0,NA,NA,2
2650190,Botrychium campestre,Prairie Dunewort,G3,S1,S2,NA,NA,Tier 1,Plantae,Tracheophyta,Polypodiopsida,Ophioglossales,Ophioglossaceae,Botrychium,Botrychium campestre,NA,NA,NA,1,2017,2017,0,NA,NA,1,2017,2017,0,NA,NA,0,NA,NA,2
2650138,Ophioglossum pusillum,Northern Adder's-tongue,G4,S2,SNR,NA,NA,Tier 2,Plantae,Tracheophyta,Polypodiopsida,Ophioglossales,Ophioglossaceae,Ophioglossum,Ophioglossum pusillum,NA,NA,NA,2,1912,1995,0,NA,NA,11,1995,1995,3,1995,1995,6,1995,1995,22
2684709,Juniperus communis,Ground Juniper,G5,S1,SNR,NA,NA,Tier 2,Plantae,Tracheophyta,Pinopsida,Pinales,Cupressaceae,Juniperus,Juniperus communis,NA,NA,NA,19,1972,2016,0,NA,NA,15,1971,2005,2,Inf,-Inf,0,NA,NA,36
2684410,Juniperus horizontalis,Creeping Juniper,G5,S1,SNR,NA,NA,Tier 2,Plantae,Tracheophyta,Pinopsida,Pinales,Cupressaceae,Juniperus,Juniperus horizontalis,NA,NA,NA,4,1936,2004,0,NA,NA,8,2004,2005,0,NA,NA,0,NA,NA,12
2873769,Acorus americanus,American Sweetflag,G5,S2,S4,NA,NA,Tier 2,Plantae,Tracheophyta,Liliopsida,Acorales,Acoraceae,Acorus,Acorus calamus,NA,NA,NA,0,NA,NA,0,NA,NA,2,2018,2022,1,2022,2022,1,2018,2018,4
2856745,Allium cernuum,Nodding Onion,G5,S2,SNR,NA,NA,Tier 2,Plantae,Tracheophyta,Liliopsida,Asparagales,Amaryllidaceae,Allium,Allium cernuum,NA,NA,NA,8,1889,2008,0,NA,NA,6,1991,2008,0,NA,NA,4,1991,2008,18
2703671,Bromus inermis ssp. pumpellianus,Awnless Brome,T5,S1,SNR,NA,NA,NA,Plantae,Tracheophyta,Liliopsida,Poales,Poaceae,Bromus,Bromus pumpellianus,Bromus inermis pumpellianus,NA,NA,1,2015,2016,0,NA,NA,0,NA,NA,0,NA,NA,0,NA,NA,1
2703686,Bromus marginatus,Large Mountain Brome,G5,S2,SNR,NA,NA,Tier 2,Plantae,Tracheophyta,Liliopsida,Poales,Poaceae,Bromus,Bromus marginatus,NA,NA,NA,6,1889,2016,0,NA,NA,7,1991,2016,1,1991,1991,5,1991,2016,19
7676640,Carex aquatilis var. substricta,Calcareous Water Sedge,T5,S2,SNR,NA,NA,Tier 2,Plantae,Tracheophyta,Liliopsida,Poales,Cyperaceae,Carex,Carex aquatilis,NA,Carex aquatilis substricta,NA,1,2004,2004,0,NA,NA,0,NA,NA,0,NA,NA,0,NA,NA,1
2725002,Carex bebbii,Bebb's Sedge,G5,S2,SNR,NA,NA,Tier 2,Plantae,Tracheophyta,Liliopsida,Poales,Cyperaceae,Carex,Carex bebbii,NA,NA,NA,3,1995,2017,0,NA,NA,4,1995,2017,2,1911,1995,1,1995,1995,10
2726268,Carex utriculata,Beaked Sedge,G5,S1,SNR,NA,NA,Tier 2,Plantae,Tracheophyta,Liliopsida,Poales,Cyperaceae,Carex,Carex utriculata,NA,NA,NA,1,2017,2017,0,NA,NA,1,1927,1927,0,NA,NA,1,2017,2017,3
2723338,Carex xerantica,White-scaled Sedge,G5,S2,SNR,NA,NA,Tier 2,Plantae,Tracheophyta,Liliopsida,Poales,Cyperaceae,Carex,Carex xerantica,NA,NA,NA,9,1991,2015,0,NA,NA,2,1991,1991,0,NA,NA,2,1991,1991,13
2810284,Coeloglossum viride,Long-Bract Frog Orchid,G5,S1,SNR,NA,NA,Tier 2,Plantae,Tracheophyta,Liliopsida,Asparagales,Orchidaceae,Dactylorhiza,Dactylorhiza viridis,NA,NA,NA,8,1911,2016,0,NA,NA,6,1892,2006,0,NA,NA,3,1991,2006,17
2797273,Corallorhiza maculata,Spotted Coralroot,G5,S1,SNR,NA,NA,Tier 2,Plantae,Tracheophyta,Liliopsida,Asparagales,Orchidaceae,Corallorhiza,Corallorhiza maculata,NA,NA,NA,4,1974,2015,0,NA,NA,3,1974,1993,0,NA,NA,3,1974,1993,10
2797253,Corallorhiza wisteriana,Spring Coralroot,G5,S1,SNR,NA,NA,Tier 2,Plantae,Tracheophyta,Liliopsida,Asparagales,Orchidaceae,Corallorhiza,Corallorhiza wisteriana,NA,NA,NA,0,NA,NA,0,NA,NA,1,1972,1972,1,1972,1972,1,1972,1972,3
2703267,Danthonia spicata,Poverty Oatgrass,G5,S1,SNR,NA,NA,Tier 2,Plantae,Tracheophyta,Liliopsida,Poales,Poaceae,Danthonia,Danthonia spicata,NA,NA,NA,1,2015,2015,0,NA,NA,2,2004,2015,0,NA,NA,2,2004,2015,5
2702666,Dichanthelium linearifolium,Slim-leaf Witchgrass,G5,S1,SNR,NA,NA,NA,Plantae,Tracheophyta,Liliopsida,Poales,Poaceae,Dichanthelium,Dichanthelium linearifolium,NA,NA,NA,0,NA,NA,0,NA,NA,1,1973,1973,0,NA,NA,0,NA,NA,1
2730137,Eriophorum gracile,Slender Cotton-grass,G5,S2,S1,NA,NA,Tier 2,Plantae,Tracheophyta,Liliopsida,Poales,Cyperaceae,Eriophorum,Eriophorum gracile,NA,NA,NA,1,1893,1893,0,NA,NA,0,NA,NA,0,NA,NA,0,NA,NA,1
2702835,Festuca kingii,Spike Fescue,G5,S2,SNR,NA,NA,Tier 2,Plantae,Tracheophyta,Liliopsida,Poales,Poaceae,Festuca,Festuca kingii,NA,NA,NA,11,1890,2015,0,NA,NA,13,2004,2012,0,NA,NA,6,2006,2012,30
5300700,Fritillaria atropurpurea,Purple Missionbells,G5,S2,SNR,NA,NA,Tier 2,Plantae,Tracheophyta,Liliopsida,Liliales,Liliaceae,Fritillaria,Fritillaria atropurpurea,NA,NA,NA,7,1967,2009,0,NA,NA,15,1892,2007,3,2007,2019,9,1995,2007,34
2840754,Goodyera oblongifolia,Giant Rattlesnake-plantain,G5,S1,SNR,NA,NA,Tier 2,Plantae,Tracheophyta,Liliopsida,Asparagales,Orchidaceae,Goodyera,Goodyera oblongifolia,NA,NA,NA,2,1991,2001,0,NA,NA,2,2001,2001,0,NA,NA,1,2001,2001,5
11712270,Liparis loeselii,Loesel's Twayblade,G5,S1,S1,NA,NA,Tier 2,Animalia,Arthropoda,Insecta,Coleoptera,Curculionidae,Liparis,Liparis loeselii,NA,NA,NA,7,1912,2017,0,NA,NA,2,1995,2017,0,NA,NA,0,NA,NA,9
2703943,Muhlenbergia filiformis,Pullup Muhly,G5,S1,SNR,NA,NA,Tier 2,Plantae,Tracheophyta,Liliopsida,Poales,Poaceae,Muhlenbergia,Muhlenbergia filiformis,NA,NA,NA,1,1893,1893,0,NA,NA,1,2005,2005,0,NA,NA,0,NA,NA,2
2703976,Muhlenbergia glomerata,Marsh Muhly,G5,S2,S4,NA,NA,Tier 2,Plantae,Tracheophyta,Liliopsida,Poales,Poaceae,Muhlenbergia,Muhlenbergia glomerata,NA,NA,NA,1,1913,1913,0,NA,NA,0,NA,NA,0,NA,NA,0,NA,NA,1
2704017,Muhlenbergia richardsonis,Soft-leaf Muhly,G5,S1,SNR,NA,NA,Tier 2,Plantae,Tracheophyta,Liliopsida,Poales,Poaceae,Muhlenbergia,Muhlenbergia richardsonis,NA,NA,NA,1,1891,1910,0,NA,NA,0,NA,NA,0,NA,NA,0,NA,NA,1
5301163,Potamogeton diversifolius,Waterthread Pondweed,G5,S2,SNR,NA,NA,Tier 2,Plantae,Tracheophyta,Liliopsida,Alismatales,Potamogetonaceae,Potamogeton,Potamogeton diversifolius,NA,NA,NA,3,1996,2008,0,NA,NA,5,1970,2008,0,NA,NA,3,1996,2008,11
2752970,Prosartes trachycarpa,Rough-fruit Mandarin,G5,S1,SNR,NA,NA,Tier 2,Plantae,Tracheophyta,Liliopsida,Liliales,Liliaceae,Prosartes,Prosartes trachycarpa,NA,NA,NA,1,1889,1889,0,NA,NA,0,NA,NA,0,NA,NA,0,NA,NA,1
2705699,Pseudoroegneria spicata,Bluebunch Wheatgrass,G5,S1,SNR,NA,NA,Tier 2,Plantae,Tracheophyta,Liliopsida,Poales,Poaceae,Pseudoroegneria,Pseudoroegneria spicata,NA,NA,NA,2,1991,2009,0,NA,NA,10,1991,2008,3,2008,2008,8,1991,2008,23
2705745,Schizachne purpurascens,Purple Oat,G5,S1,SNR,NA,NA,Tier 2,Plantae,Tracheophyta,Liliopsida,Poales,Poaceae,Schizachne,Schizachne purpurascens,NA,NA,NA,10,1991,2016,0,NA,NA,16,1991,2012,1,2009,2009,10,1991,2012,37
2710743,Schoenoplectiella saximontana,Rocky Mountain Bulrush,G5,S1,SNR,NA,NA,Tier 1,Plantae,Tracheophyta,Liliopsida,Poales,Cyperaceae,Schoenoplectiella,Schoenoplectiella saximontana,NA,NA,NA,1,1892,1995,0,NA,NA,3,1995,1995,2,1995,1995,3,1995,1995,9
2717391,Scirpus microcarpus,Small-fruit Bulrush,G5,S1,SNR,NA,NA,Tier 2,Plantae,Tracheophyta,Liliopsida,Poales,Cyperaceae,Scirpus,Scirpus microcarpus,NA,NA,NA,1,1995,2012,0,NA,NA,4,1995,2004,1,1995,1995,2,1995,1995,8
5289769,Scolochloa festucacea,Sprangletop,G5,S1,SNR,NA,NA,Tier 2,Plantae,Tracheophyta,Liliopsida,Poales,Poaceae,Scolochloa,Scolochloa festucacea,NA,NA,NA,0,NA,NA,0,NA,NA,0,NA,NA,0,NA,NA,2,1978,1978,2
2702266,Sparganium emersum,Green-fruit Bur-reed,G5,S2,S1,NA,NA,Tier 2,Plantae,Tracheophyta,Liliopsida,Poales,Typhaceae,Sparganium,Sparganium emersum,NA,NA,NA,1,1894,1995,0,NA,NA,2,1995,1995,0,NA,NA,1,1995,1995,4
2805431,Spiranthes magnicamporum,Great Plains Ladies'-tresses,G3,SNR,S3,NA,NA,NA,Plantae,Tracheophyta,Liliopsida,Asparagales,Orchidaceae,Spiranthes,Spiranthes magnicamporum,NA,NA,NA,0,NA,NA,0,NA,NA,1,1892,1892,0,NA,NA,0,NA,NA,1
2805404,Spiranthes romanzoffiana,Hooded Ladies'-tresses,G5,S1,SNR,NA,NA,Tier 2,Plantae,Tracheophyta,Liliopsida,Asparagales,Orchidaceae,Spiranthes,Spiranthes romanzoffiana,NA,NA,NA,0,NA,NA,0,NA,NA,2,1892,1892,0,NA,NA,0,NA,NA,2
2865280,Triglochin palustris,Slender Bog Arrow-grass,G5,S1,SNR,NA,NA,Tier 2,Plantae,Tracheophyta,Liliopsida,Alismatales,Juncaginaceae,Triglochin,Triglochin palustris,NA,NA,NA,2,1995,1995,0,NA,NA,6,1995,1995,2,1995,1995,4,1995,1995,14
2926406,Agastache foeniculum,Blue Giant-hyssop,G5,S1,SNR,NA,NA,Tier 2,Plantae,Tracheophyta,Magnoliopsida,Lamiales,Lamiaceae,Agastache,Agastache foeniculum,NA,NA,NA,4,1982,2019,0,NA,NA,7,1892,1991,0,NA,NA,3,1971,1991,14
7656548,Amorpha nana,Fragrant Indigobush,G5,S1,SNR,NA,NA,Tier 2,Plantae,Tracheophyta,Magnoliopsida,Fabales,Fabaceae,Amorpha,Amorpha nana,NA,NA,NA,0,NA,NA,0,NA,NA,8,1967,2008,4,2005,2008,4,2005,2008,16
4926336,Anaphalis margaritacea,Pearly Everlasting,G5,S1,SNR,NA,NA,Tier 2,Plantae,Tracheophyta,Magnoliopsida,Asterales,Asteraceae,Anaphalis,Anaphalis margaritacea,NA,NA,NA,4,1911,2016,0,NA,NA,2,2015,2016,1,1937,1937,2,2015,2016,9
5385548,Antennaria dimorpha,Two-form Pussytoes,G5,S1,S1,NA,NA,Tier 2,Plantae,Tracheophyta,Magnoliopsida,Asterales,Asteraceae,Antennaria,Antennaria dimorpha,NA,NA,NA,1,1890,1890,0,NA,NA,0,NA,NA,0,NA,NA,0,NA,NA,1
3170327,Asclepias lanuginosa,Woolly Milkweed,G3,S3,S2,NA,NA,NA,Plantae,Tracheophyta,Magnoliopsida,Gentianales,Apocynaceae,Asclepias,Asclepias lanuginosa,NA,NA,NA,1,1995,1995,0,NA,NA,1,1995,1995,0,NA,NA,0,NA,NA,2
5342849,Astragalus agrestis,Purple Milkvetch,G5,S1,SNR,NA,NA,Tier 2,Plantae,Tracheophyta,Magnoliopsida,Fabales,Fabaceae,Astragalus,Astragalus agrestis,NA,NA,NA,5,1897,2016,0,NA,NA,13,1927,2016,3,2001,2010,3,2010,2016,24
5354810,Astragalus barrii,Barr's Milkvetch,G3,S1,S3,NA,NA,Tier 1,Plantae,Tracheophyta,Magnoliopsida,Fabales,Fabaceae,Astragalus,Astragalus barrii,NA,NA,NA,0,NA,NA,19,1948,2005,20,1957,2005,8,1970,1970,0,NA,NA,47
7979948,Atriplex suckleyi,Suckley's Saltbush,G4,S1,SNR,NA,NA,Tier 2,Plantae,Tracheophyta,Magnoliopsida,Caryophyllales,Amaranthaceae,Stutzia,Stutzia dioica,NA,NA,NA,0,NA,NA,0,NA,NA,23,1911,2005,8,1911,2005,9,1911,2005,40
5421092,Bergia texana,Texas Bergia,G5,S1,SNR,NA,NA,Tier 2,Plantae,Tracheophyta,Magnoliopsida,Malpighiales,Elatinaceae,Bergia,Bergia texana,NA,NA,NA,4,1991,1998,0,NA,NA,8,1991,2008,5,1995,2008,6,1991,2008,23
3043348,Boechera grahamii,Graham's Rockcress,G5,S2,SNR,NA,NA,NA,Plantae,Tracheophyta,Magnoliopsida,Brassicales,Brassicaceae,Boechera,Boechera grahamii,NA,NA,NA,3,1991,2015,0,NA,NA,2,1974,2015,0,NA,NA,2,1974,2015,7
5372488,Callitriche hermaphroditica,Autumnal Water-starwort,G5,S2,SNR,NA,NA,Tier 2,Plantae,Tracheophyta,Magnoliopsida,Lamiales,Plantaginaceae,Callitriche,Callitriche hermaphroditica,NA,NA,NA,5,1995,1996,0,NA,NA,5,1975,1995,2,1975,1995,0,NA,NA,12
5372484,Callitriche palustris,Vernal Water-starwort,G5,S2,SNR,NA,NA,Tier 2,Plantae,Tracheophyta,Magnoliopsida,Lamiales,Plantaginaceae,Callitriche,Callitriche palustris,NA,NA,NA,4,1891,1996,0,NA,NA,1,1996,1996,0,NA,NA,4,1975,1995,9
5371685,Caltha palustris,Marsh-marigold,G5,S2,SNR,NA,NA,Tier 2,Plantae,Tracheophyta,Magnoliopsida,Ranunculales,Ranunculaceae,Caltha,Caltha palustris,NA,NA,NA,1,1911,1911,0,NA,NA,0,NA,NA,0,NA,NA,0,NA,NA,1
3083891,Chenopodium subglabrum,Smooth Goosefoot,G3,S3,S2,NA,NA,NA,Plantae,Tracheophyta,Magnoliopsida,Caryophyllales,Amaranthaceae,Chenopodium,Chenopodium subglabrum,NA,NA,NA,10,1893,2013,0,NA,NA,17,1914,2013,6,1914,1996,11,1914,2013,44
3920598,Clematis hirsutissima var. scottii,Clustered Leatherflower,T4,S1,SNR,NA,NA,Tier 2,Plantae,Tracheophyta,Magnoliopsida,Ranunculales,Ranunculaceae,Clematis,Clematis hirsutissima,NA,Clematis hirsutissima scottii,NA,0,NA,NA,0,NA,NA,1,2005,2005,1,2005,2005,1,2005,2005,3
7348703,Crocanthemum bicknellii,Plains Frostweed,G5,S1,SNR,NA,NA,Tier 2,Plantae,Tracheophyta,Magnoliopsida,Malvales,Cistaceae,Crocanthemum,Crocanthemum bicknellii,NA,NA,NA,1,1893,1895,0,NA,NA,0,NA,NA,0,NA,NA,0,NA,NA,1
3681459,Cuscuta megalocarpa,Big-fruit Dodder,G5,S2,SNR,NA,NA,Tier 2,Plantae,Tracheophyta,Magnoliopsida,Solanales,Convolvulaceae,Cuscuta,Cuscuta umbrosa,NA,NA,NA,0,NA,NA,0,NA,NA,1,2005,2005,0,NA,NA,0,NA,NA,1
3033734,Delphinium nuttallianum,Nuttall's Larkspur,G5,S1,S4,NA,NA,Tier 2,Plantae,Tracheophyta,Magnoliopsida,Ranunculales,Ranunculaceae,Delphinium,Delphinium nuttallianum,NA,NA,NA,7,1898,1996,0,NA,NA,0,NA,NA,0,NA,NA,0,NA,NA,7
4236392,Dieteria canescens var. nebraskana,Hoary Tansy-aster,T3,SNR,SNR,NA,NA,NA,Plantae,Tracheophyta,Magnoliopsida,Asterales,Asteraceae,Dieteria,Dieteria canescens,NA,Dieteria canescens nebraskana,NA,0,NA,NA,0,NA,NA,0,NA,NA,2,1899,1899,0,NA,NA,2
6305196,Doellingeria umbellata var. pubens,Flat-top White Aster,T5,S2,S2,NA,NA,Tier 2,Plantae,Tracheophyta,Magnoliopsida,Asterales,Asteraceae,Doellingeria,Doellingeria umbellata,NA,Doellingeria umbellata pubens,NA,1,1906,1906,0,NA,NA,0,NA,NA,0,NA,NA,0,NA,NA,1
3084127,Echinocereus viridiflorus,Green-flower Hedgehog Cactus,G5,S2,S3,NA,NA,Tier 2,Plantae,Tracheophyta,Magnoliopsida,Caryophyllales,Cactaceae,Echinocereus,Echinocereus viridiflorus,NA,NA,NA,0,NA,NA,4,1997,2004,2,2004,2004,0,NA,NA,0,NA,NA,6
3189073,Epilobium brachycarpum,Panicled Willowherb,G5,S1,SNR,NA,NA,NA,Plantae,Tracheophyta,Magnoliopsida,Myrtales,Onagraceae,Epilobium,Epilobium brachycarpum,NA,NA,NA,1,2006,2015,0,NA,NA,3,2005,2006,0,NA,NA,1,2006,2006,5
4220298,Ericameria parryi var. howardii,Howard's Rabbitbrush,T5,S2,SNR,NA,NA,NA,Plantae,Tracheophyta,Magnoliopsida,Asterales,Asteraceae,Ericameria,Ericameria parryi,NA,Ericameria parryi howardii,NA,3,1995,1995,0,NA,NA,0,NA,NA,0,NA,NA,0,NA,NA,3
3147213,Erigeron caespitosus,Tufted Fleabane,G5,S2,SNR,NA,NA,Tier 2,Plantae,Tracheophyta,Magnoliopsida,Asterales,Asteraceae,Erigeron,Erigeron caespitosus,NA,NA,NA,18,1889,2016,0,NA,NA,10,1991,2008,0,NA,NA,5,1991,2008,33
8046603,Erigeron divergens,Spreading Fleabane,G5,S2,SNR,NA,NA,Tier 2,Plantae,Tracheophyta,Magnoliopsida,Asterales,Asteraceae,Erigeron,Erigeron divergens,NA,NA,NA,11,1991,1996,0,NA,NA,13,1995,2005,3,1995,1996,6,1995,1996,33
3146761,Erigeron ochroleucus,Buff Fleabane,G5,S2,S3,NA,NA,Tier 2,Plantae,Tracheophyta,Magnoliopsida,Asterales,Asteraceae,Erigeron,Erigeron ochroleucus,NA,NA,NA,4,1940,1995,4,2004,2005,7,1991,2005,1,1995,1995,6,1991,1995,22
8459913,Erigeron subtrinervis,Three-nerve Fleabane,G4,S2,SNR,NA,NA,Tier 2,Plantae,Tracheophyta,Magnoliopsida,Asterales,Asteraceae,Erigeron,Erigeron subtrinervis,NA,NA,NA,4,1889,2016,0,NA,NA,7,1892,1991,0,NA,NA,4,1973,1991,15
2889693,Eriogonum cernuum,Nodding Buckwheat,G5,S1,SNR,NA,NA,Tier 2,Plantae,Tracheophyta,Magnoliopsida,Caryophyllales,Polygonaceae,Eriogonum,Eriogonum cernuum,NA,NA,NA,1,1914,1914,0,NA,NA,0,NA,NA,0,NA,NA,0,NA,NA,1
2889654,Eriogonum gordonii,Gordon's Buckwheat,G4,S2,SNR,NA,NA,Tier 1,Plantae,Tracheophyta,Magnoliopsida,Caryophyllales,Polygonaceae,Eriogonum,Eriogonum gordonii,NA,NA,NA,5,1970,2005,0,NA,NA,6,1970,2005,3,1970,1971,5,1970,2005,19
2889449,Eriogonum visheri,Dakota Buckwheat,G3,NA,S3,NA,NA,NA,Plantae,Tracheophyta,Magnoliopsida,Caryophyllales,Polygonaceae,Eriogonum,Eriogonum visheri,NA,NA,NA,0,NA,NA,30,1971,2005,11,1957,2005,7,1957,1982,7,1957,1982,55
3048294,Erysimum inconspicuum,Small-flower Prairie Wallflower,G5,S2,SNR,NA,NA,Tier 2,Plantae,Tracheophyta,Magnoliopsida,Brassicales,Brassicaceae,Erysimum,Erysimum inconspicuum,NA,NA,NA,1,1911,1911,0,NA,NA,5,2004,2008,2,2008,2008,2,2008,2008,10
5387821,Gaillardia pulchella,Fire-wheel Blanket-flower,G4,S2,SNR,NA,NA,Tier 2,Plantae,Tracheophyta,Magnoliopsida,Asterales,Asteraceae,Gaillardia,Gaillardia pulchella,NA,NA,NA,1,2006,2006,0,NA,NA,1,2006,2006,0,NA,NA,0,NA,NA,2
5390744,Gnaphalium palustre,Western Marsh Cudweed,G5,S2,S4,NA,NA,Tier 2,Plantae,Tracheophyta,Magnoliopsida,Asterales,Asteraceae,Gnaphalium,Gnaphalium palustre,NA,NA,NA,4,1991,1998,0,NA,NA,4,1991,2009,1,2009,2009,4,1991,2009,13
3171919,Gratiola neglecta,Clammy Hedge-hyssop,G5,S1,SNR,NA,NA,Tier 2,Plantae,Tracheophyta,Magnoliopsida,Lamiales,Plantaginaceae,Gratiola,Gratiola neglecta,NA,NA,NA,1,1891,1891,0,NA,NA,1,2005,2005,0,NA,NA,0,NA,NA,2
3135329,Hieracium umbellatum,Umbellate Hawkweed,G5,S1,SNR,NA,NA,Tier 2,Plantae,Tracheophyta,Magnoliopsida,Asterales,Asteraceae,Hieracium,Hieracium umbellatum,NA,NA,NA,1,2008,2008,0,NA,NA,8,1892,2008,0,NA,NA,2,2008,2008,11
6394781,Ipomopsis congesta ssp. pseudotypica,Ball-head Standing-cypress,T3,NA,S3,NA,NA,NA,Plantae,Tracheophyta,Magnoliopsida,Ericales,Polemoniaceae,Ipomopsis,Ipomopsis congesta,Ipomopsis congesta pseudotypica,NA,NA,0,NA,NA,0,NA,NA,6,1947,1993,5,1947,2008,8,1947,2008,19
5356371,Lathyrus ochroleucus,Pale Vetchling,G5,S2,SNR,NA,NA,Tier 2,Plantae,Tracheophyta,Magnoliopsida,Fabales,Fabaceae,Lathyrus,Lathyrus ochroleucus,NA,NA,NA,17,1971,2015,0,NA,NA,11,1971,2015,0,NA,NA,9,1971,2015,37
7095916,Linum lewisii var. lewisii,Prairie Flax,T5,S1,SNR,NA,NA,Tier 2,Plantae,Tracheophyta,Magnoliopsida,Malpighiales,Linaceae,Linum,Linum lewisii,NA,Linum lewisii lewisii,NA,1,2005,2009,0,NA,NA,6,2004,2005,1,2004,2004,1,2004,2004,9
8408864,Lithophragma parviflorum,Small-flower Woodland-star,G5,S1,SNR,NA,NA,Tier 2,Plantae,Tracheophyta,Magnoliopsida,Saxifragales,Saxifragaceae,Lithophragma,Lithophragma parviflorum,NA,NA,NA,1,2016,2016,0,NA,NA,0,NA,NA,0,NA,NA,0,NA,NA,1
9067615,Mentzelia albicaulis,Whitestem Blazingstar,GNR,S1,SNR,NA,NA,Tier 2,Plantae,Tracheophyta,Magnoliopsida,Cornales,Loasaceae,Mentzelia,Mentzelia albicaulis,NA,NA,NA,0,NA,NA,0,NA,NA,1,2001,2001,1,2001,2001,0,NA,NA,2
5341244,Mertensia lanceolata,Prairie Bluebells,G5,S2,SNR,NA,NA,Tier 2,Plantae,Tracheophyta,Magnoliopsida,Boraginales,Boraginaceae,Mertensia,Mertensia lanceolata,NA,NA,NA,8,1995,2009,0,NA,NA,19,1970,2010,6,1970,2010,11,1970,2010,44
5341179,Myosotis verna,Spring Forget-me-not,G5,S1,SNR,NA,NA,Tier 2,Plantae,Tracheophyta,Magnoliopsida,Boraginales,Boraginaceae,Myosotis,Myosotis verna,NA,NA,NA,5,1995,2011,0,NA,NA,8,1995,2011,1,2005,2005,5,1995,2011,19
4058016,Navarretia saximontana,Rocky Mountain Pincushion-plant,G4,S1,SNR,NA,NA,Tier 2,Plantae,Tracheophyta,Magnoliopsida,Ericales,Polemoniaceae,Navarretia,Navarretia saximontana,NA,NA,NA,1,1991,2016,0,NA,NA,3,1991,1991,0,NA,NA,3,1991,1991,7
2882412,Nymphaea odorata,American Water-lily,G5,S2,SH,NA,NA,Tier 2,Plantae,Tracheophyta,Magnoliopsida,Nymphaeales,Nymphaeaceae,Nymphaea,Nymphaea odorata,NA,NA,NA,1,2006,2006,0,NA,NA,1,2006,2006,0,NA,NA,0,NA,NA,2
3173298,Orobanche uniflora,One-flowered Broomrape,G5,S1,S2,NA,NA,Tier 2,Plantae,Tracheophyta,Magnoliopsida,Lamiales,Orobanchaceae,Aphyllon,Aphyllon uniflorum,NA,NA,NA,0,NA,NA,2,2005,2005,1,2005,2005,0,NA,NA,0,NA,NA,3
2888310,Orthilia secunda,One-sided Wintergreen,G5,S1,SNR,NA,NA,Tier 2,Plantae,Tracheophyta,Magnoliopsida,Ericales,Ericaceae,Orthilia,Orthilia secunda,NA,NA,NA,2,1890,1940,0,NA,NA,1,1893,1893,0,NA,NA,0,NA,NA,3
4249110,Packera pseudaurea var. semicordata,Western Golden Groundsel,T4,S1,SNR,NA,NA,Tier 2,Plantae,Tracheophyta,Magnoliopsida,Asterales,Asteraceae,Packera,Packera pseudaurea,NA,Packera pseudaurea semicordata,NA,1,2006,2015,0,NA,NA,1,2006,2006,0,NA,NA,1,2006,2006,3
7226477,Phacelia hastata var. hastata,Silverleaf Scorpionweed,T5,S2,SNR,NA,NA,Tier 2,Plantae,Tracheophyta,Magnoliopsida,Boraginales,Hydrophyllaceae,Phacelia,Phacelia hastata,NA,Phacelia hastata hastata,NA,2,1912,1915,0,NA,NA,1,1924,1924,1,1924,1924,0,NA,NA,4
2927739,Phlox alyssifolia,Alyssum-leaf Phlox,G5,S1,SNR,NA,NA,Tier 2,Plantae,Tracheophyta,Magnoliopsida,Ericales,Polemoniaceae,Phlox,Phlox alyssifolia,NA,NA,NA,3,2004,2010,0,NA,NA,10,1993,2005,1,2005,2005,3,1993,2005,17
4057955,Phlox gracilis ssp. humilis,Slender Phlox,T5,S1,SNR,NA,NA,NA,Plantae,Tracheophyta,Magnoliopsida,Ericales,Polemoniaceae,Phlox,Phlox gracilis,Phlox gracilis humilis,NA,NA,0,NA,NA,0,NA,NA,1,2003,2003,0,NA,NA,0,NA,NA,1
7225662,Physaria arenosa ssp. arenosa,Great Plains Bladderpod,T5,S1,SNR,NA,NA,Tier 2,Plantae,Tracheophyta,Magnoliopsida,Brassicales,Brassicaceae,Physaria,Physaria arenosa,Physaria arenosa arenosa,NA,NA,3,2005,2005,0,NA,NA,50,1981,2008,4,2005,2008,11,1981,2008,68
3049235,Physaria brassicoides,Rydberg's Double Twinpod,G5,S1,S3,NA,NA,Tier 2,Plantae,Tracheophyta,Magnoliopsida,Brassicales,Brassicaceae,Physaria,Physaria brassicoides,NA,NA,NA,0,NA,NA,4,2004,2005,5,1969,2005,2,1969,2005,2,1969,2005,13
3049163,Physaria montana,Mountain Bladderpod,G5,S2,S1,NA,NA,Tier 2,Plantae,Tracheophyta,Magnoliopsida,Brassicales,Brassicaceae,Physaria,Physaria montana,NA,NA,NA,1,1995,1995,4,2004,2005,6,1995,2005,0,NA,NA,1,1989,1989,12
5334465,Polygonum douglasii,Douglas' Knotweed,G5,S2,SNR,NA,NA,Tier 2,Plantae,Tracheophyta,Magnoliopsida,Caryophyllales,Polygonaceae,Polygonum,Polygonum douglasii,NA,NA,NA,7,1991,2008,0,NA,NA,8,1991,2010,1,2010,2010,7,1991,2010,23
7219337,Polygonum sawatchense ssp. sawatchense,Sawatch Knotweed,TNR,S2,SNR,NA,NA,Tier 2,Plantae,Tracheophyta,Magnoliopsida,Caryophyllales,Polygonaceae,Polygonum,Polygonum sawatchense,Polygonum sawatchense sawatchense,NA,NA,6,1991,2008,0,NA,NA,2,1991,1991,2,1991,1991,2,1991,1991,12
3040196,Populus angustifolia,Narrowleaf Cottonwood,G5,S1,S4,NA,NA,Tier 2,Plantae,Tracheophyta,Magnoliopsida,Malpighiales,Salicaceae,Populus,Populus angustifolia,NA,NA,NA,0,NA,NA,0,NA,NA,1,1924,1924,1,1924,1924,1,1924,1924,3
3040215,Populus tremuloides,Quaking Aspen,G5,S2,SNR,NA,NA,Tier 2,Plantae,Tracheophyta,Magnoliopsida,Malpighiales,Salicaceae,Populus,Populus tremuloides,NA,NA,NA,6,1991,2016,0,NA,NA,14,1971,2006,5,1998,2002,11,1971,2003,36
3040193,Populus x acuminata,Lanceleaf Cottonwood,GNA,S1,SNA,NA,NA,Tier 2,Plantae,Tracheophyta,Magnoliopsida,Malpighiales,Salicaceae,Populus,Populus acuminata,NA,NA,NA,0,NA,NA,0,NA,NA,1,2005,2005,1,2005,2005,1,2005,2005,3
5367733,Potentilla hippiana,Horse Cinquefoil,G5,S2,SNR,NA,NA,Tier 2,Plantae,Tracheophyta,Magnoliopsida,Rosales,Rosaceae,Potentilla,Potentilla hippiana,NA,NA,NA,7,1889,2016,0,NA,NA,0,NA,NA,0,NA,NA,0,NA,NA,7
5334184,Pterospora andromedea,Giant Pinedrops,G5,S2,SNR,NA,NA,Tier 2,Plantae,Tracheophyta,Magnoliopsida,Ericales,Ericaceae,Pterospora,Pterospora andromedea,NA,NA,NA,4,1991,2008,0,NA,NA,4,1892,2008,1,1911,1911,1,1911,1911,10
3928297,Ranunculus glaberrimus var. ellipticus,Sagebrush Buttercup,T5,S1,SNR,NA,NA,Tier 2,Plantae,Tracheophyta,Magnoliopsida,Ranunculales,Ranunculaceae,Ranunculus,Ranunculus glaberrimus,NA,Ranunculus glaberrimus ellipticus,NA,1,1974,1975,0,NA,NA,2,1974,1975,0,NA,NA,2,1974,1975,5
3033365,Ranunculus rhomboideus,Prairie Buttercup,G5,S1,SNR,NA,NA,Tier 2,Plantae,Tracheophyta,Magnoliopsida,Ranunculales,Ranunculaceae,Ranunculus,Ranunculus rhomboideus,NA,NA,NA,1,1912,1912,0,NA,NA,1,1963,1963,0,NA,NA,1,1963,1963,3
2986164,Ribes hirtellum,Smooth Gooseberry,G5,S1,SNR,NA,NA,Tier 2,Plantae,Tracheophyta,Magnoliopsida,Saxifragales,Grossulariaceae,Ribes,Ribes hirtellum,NA,NA,NA,1,1991,1991,0,NA,NA,0,NA,NA,0,NA,NA,0,NA,NA,1
3053227,Rorippa tenerrima,Modoc County Yellowcress,G5,S1,SNR,NA,NA,Tier 2,Plantae,Tracheophyta,Magnoliopsida,Brassicales,Brassicaceae,Rorippa,Rorippa tenerrima,NA,NA,NA,1,2005,2005,0,NA,NA,1,2005,2005,0,NA,NA,0,NA,NA,2
5373055,Salix bebbiana,Bebb's Willow,G5,S1,SNR,NA,NA,Tier 2,Plantae,Tracheophyta,Magnoliopsida,Malpighiales,Salicaceae,Salix,Salix bebbiana,NA,NA,NA,3,1889,1940,0,NA,NA,2,2002,2002,1,2002,2002,1,2002,2002,7
7095876,Sedum lanceolatum var. lanceolatum,Lanceleaf Stonecrop,T5,S2,SNR,NA,NA,Tier 2,Plantae,Tracheophyta,Magnoliopsida,Saxifragales,Crassulaceae,Sedum,Sedum lanceolatum,Sedum lanceolatum lanceolatum,NA,NA,5,1890,2012,0,NA,NA,2,2008,2008,0,NA,NA,1,2008,2008,8
3107552,Senecio spartioides,Broom Groundsel,G5,S1,S2,NA,NA,Tier 2,Plantae,Tracheophyta,Magnoliopsida,Asterales,Asteraceae,Senecio,Senecio spartioides,NA,NA,NA,1,1887,1887,0,NA,NA,1,2003,2003,0,NA,NA,0,NA,NA,2
6291148,Solidago speciosa var. pallida,Pale Showy Goldenrod,T4,S1,SNR,NA,NA,Tier 2,Plantae,Tracheophyta,Magnoliopsida,Asterales,Asteraceae,Solidago,Solidago pallida,NA,Solidago speciosa pallida,NA,0,NA,NA,0,NA,NA,1,2004,2004,0,NA,NA,0,NA,NA,1
7225656,Stanleya pinnata var. pinnata,Desert Prince's-plume,T4,S1,SNR,NA,NA,Tier 2,Plantae,Tracheophyta,Magnoliopsida,Brassicales,Brassicaceae,Stanleya,Stanleya pinnata,NA,Stanleya pinnata pinnata,NA,0,NA,NA,0,NA,NA,7,1966,2004,2,1966,1967,1,1991,1991,10
5401962,Townsendia hookeri,Hooker's Townsend-daisy,G5,S1,S3,NA,NA,Tier 2,Plantae,Tracheophyta,Magnoliopsida,Asterales,Asteraceae,Townsendia,Townsendia hookeri,NA,NA,NA,2,1970,1988,6,2003,2005,5,2003,2007,2,2005,2007,2,2005,2007,17
3172414,Utricularia minor,Lesser Bladderwort,G5,S1,S2,NA,NA,Tier 2,Plantae,Tracheophyta,Magnoliopsida,Lamiales,Lentibulariaceae,Utricularia,Utricularia minor,NA,NA,NA,2,1889,1995,0,NA,NA,3,1995,1995,1,1995,1995,2,1995,1995,8
2888586,Viburnum lentago,Nannyberry,G5,S1,SNR,NA,NA,Tier 2,Plantae,Tracheophyta,Magnoliopsida,Dipsacales,Viburnaceae,Viburnum,Viburnum lentago,NA,NA,NA,1,1960,1960,0,NA,NA,0,NA,NA,0,NA,NA,0,NA,NA,1
5331199,Viola adunca,Sand Violet,G5,S1,SNR,NA,NA,Tier 2,Plantae,Tracheophyta,Magnoliopsida,Malpighiales,Violaceae,Viola,Viola adunca,NA,NA,NA,1,2015,2015,0,NA,NA,0,NA,NA,0,NA,NA,0,NA,NA,1
5331175,Viola vallicola,Valley Violet,G5,S2,SNR,NA,NA,Tier 2,Plantae,Tracheophyta,Magnoliopsida,Malpighiales,Violaceae,Viola,Viola vallicola,NA,NA,NA,2,2006,2015,0,NA,NA,8,1970,2006,1,1970,1970,7,1970,2006,18
5372401,Vitis vulpina,Winter Grape,G5,S1,SNR,NA,NA,Tier 2,Plantae,Tracheophyta,Magnoliopsida,Vitales,Vitaceae,Vitis,Vitis vulpina,NA,NA,NA,0,NA,NA,0,NA,NA,4,2003,2004,0,NA,NA,0,NA,NA,4
2480719,Ictinia mississippiensis,Mississippi Kite,G5,S1B,NA,NA,NA,Tier 2,Animalia,Chordata,Aves,Accipitriformes,Accipitridae,Ictinia,Ictinia mississippiensis,NA,NA,NA,1,2009,2009,0,NA,NA,0,NA,NA,0,NA,NA,0,NA,NA,1
6065773,Sternula antillarum athalassos,Interior Least Tern,T3,S2,NA,Delisted,NA,Tier 1,Animalia,Chordata,Aves,Charadriiformes,Laridae,Sternula,Sternula antillarum,Sternula antillarum athalassos,NA,NA,0,NA,NA,0,NA,NA,0,NA,NA,1,Inf,-Inf,0,NA,NA,1
7261900,Myotis lucifugus lucifugus,Eastern Little Brown Myotis,TNR,S2,NA,NA,NA,Tier 1,Animalia,Chordata,Mammalia,Chiroptera,Vespertilionidae,Myotis,Myotis lucifugus,Myotis lucifugus lucifugus,NA,NA,0,NA,NA,0,NA,NA,0,NA,NA,0,NA,NA,4,2012,2013,4
4264486,Thomomys talpoides pierreicolus,Pierre Northern Pocket Gopher,TNR,S2,NA,NA,NA,Tier 1,Animalia,Chordata,Mammalia,Rodentia,Geomyidae,Thomomys,Thomomys talpoides,Thomomys talpoides pierreicolus,NA,NA,4,2004,2004,0,NA,NA,0,NA,NA,4,1970,1987,4,1970,1987,12
4990190,Coccinella novemnotata,Nine-spotted Lady Beetle,G5,S1,NA,NA,NA,Tier 1,Animalia,Arthropoda,Insecta,Coleoptera,Coccinellidae,Coccinella,Coccinella novemnotata,NA,NA,NA,3,2012,2014,0,NA,NA,0,NA,NA,2,2023,2023,0,NA,NA,5
1926009,Euphilotes ancilla,Rocky Mountain Dotted Blue,G5,S1,NA,NA,NA,Tier 2,Animalia,Arthropoda,Insecta,Lepidoptera,Lycaenidae,Euphilotes,Euphilotes enoptes,NA,NA,NA,1,1999,1999,0,NA,NA,0,NA,NA,1,1999,1999,0,NA,NA,2
8226569,Encoptolophus subgracilis,Southwestern Dusky Grasshopper,G5,S1,NA,NA,NA,Tier 2,Animalia,Arthropoda,Insecta,Orthoptera,Acrididae,Nebulatettix,Nebulatettix subgracilis,NA,NA,NA,3,2008,2020,0,NA,NA,0,NA,NA,10,2008,2022,6,2008,2008,19
1699015,Melanoplus punctulatus,Pine Tree Spur-throat Grasshopper,G5,S1,NA,NA,NA,Tier 2,Animalia,Arthropoda,Insecta,Orthoptera,Acrididae,Melanoplus,Melanoplus punctulatus,NA,NA,NA,5,2014,2022,0,NA,NA,0,NA,NA,62,2022,2022,0,NA,NA,67
1709260,Trimerotropis salina,Alkali Grasshopper,G5,S2,NA,NA,NA,Tier 2,Animalia,Arthropoda,Insecta,Orthoptera,Acrididae,Trimerotropis,Trimerotropis salina,NA,NA,NA,0,NA,NA,0,NA,NA,0,NA,NA,1,Inf,-Inf,1,Inf,-Inf,2
2703743,Bromus porteri,Porter's Chess,G5,S2,NA,NA,NA,Tier 2,Plantae,Tracheophyta,Liliopsida,Poales,Poaceae,Bromus,Bromus porteri,NA,NA,NA,21,1889,2009,0,NA,NA,12,1991,2009,0,NA,NA,9,1991,2009,42
2726517,Carex conoidea,Field Sedge,G5,S1,NA,NA,NA,NA,Plantae,Tracheophyta,Liliopsida,Poales,Cyperaceae,Carex,Carex conoidea,NA,NA,NA,0,NA,NA,0,NA,NA,0,NA,NA,0,NA,NA,1,2023,2023,1
2728532,Carex lasiocarpa var. americana,Slender Sedge,T5,S1,NA,NA,NA,Tier 2,Plantae,Tracheophyta,Liliopsida,Poales,Cyperaceae,Carex,Carex lasiocarpa,NA,Carex lasiocarpa americana,NA,2,2004,2004,0,NA,NA,0,NA,NA,0,NA,NA,0,NA,NA,2
2717317,Eleocharis coloradoensis,Dwarf Spikerush,G4,S1,NA,NA,NA,Tier 2,Plantae,Tracheophyta,Liliopsida,Poales,Cyperaceae,Eleocharis,Eleocharis coloradoensis,NA,NA,NA,1,2009,2009,0,NA,NA,2,2009,2009,0,NA,NA,1,2009,2009,4
2867614,Lemna minuta,Least Duckweed,G5,S1,NA,NA,NA,Tier 2,Plantae,Tracheophyta,Liliopsida,Alismatales,Araceae,Lemna,Lemna minuta,NA,NA,NA,2,1995,2006,0,NA,NA,3,1995,1995,1,1995,1995,1,1995,1995,7
4008918,Stuckenia filiformis ssp. occidentalis,Slender Pondweed,T5,S1,NA,NA,NA,Tier 2,Plantae,Tracheophyta,Liliopsida,Alismatales,Potamogetonaceae,Stuckenia,Stuckenia filiformis,Stuckenia filiformis occidentalis,NA,NA,1,2006,2006,0,NA,NA,0,NA,NA,0,NA,NA,0,NA,NA,1
6429227,Aesculus glabra var. arguta,Ohio Buckeye,T4,S1,NA,NA,NA,Tier 2,Plantae,Tracheophyta,Magnoliopsida,Sapindales,Sapindaceae,Aesculus,Aesculus glabra,NA,Aesculus glabra arguta,NA,1,2012,2012,0,NA,NA,1,2012,2012,0,NA,NA,0,NA,NA,2
7066539,Agoseris glauca var. glauca,Pale Goat-chicory,T5,S1,NA,NA,NA,NA,Plantae,Tracheophyta,Magnoliopsida,Asterales,Asteraceae,Agoseris,Agoseris glauca,NA,Agoseris glauca glauca,NA,0,NA,NA,0,NA,NA,1,1974,1974,0,NA,NA,0,NA,NA,1
5384387,Amaranthus californicus,California Amaranth,G4,S2,NA,NA,NA,Tier 2,Plantae,Tracheophyta,Magnoliopsida,Caryophyllales,Amaranthaceae,Amaranthus,Amaranthus californicus,NA,NA,NA,10,1991,1998,0,NA,NA,9,1991,1998,2,1995,1998,9,1991,1998,30
7226707,Anemone multifida var. multifida,Early Anemone,T5,S1,NA,NA,NA,Tier 2,Plantae,Tracheophyta,Magnoliopsida,Ranunculales,Ranunculaceae,Anemone,Anemone multifida,NA,Anemone multifida multifida,NA,3,1889,1911,0,NA,NA,0,NA,NA,0,NA,NA,0,NA,NA,3
5385499,Antennaria rosea,Rosy Pussytoes,G5,S1,NA,NA,NA,NA,Plantae,Tracheophyta,Magnoliopsida,Asterales,Asteraceae,Antennaria,Antennaria rosea,NA,NA,NA,1,2008,2008,0,NA,NA,6,2004,2008,0,NA,NA,0,NA,NA,7
5346296,Astragalus bodinii,Bodin's Milkvetch,G4,S1,NA,NA,NA,Tier 2,Plantae,Tracheophyta,Magnoliopsida,Fabales,Fabaceae,Astragalus,Astragalus bodinii,NA,NA,NA,1,2004,2004,0,NA,NA,1,2004,2004,0,NA,NA,0,NA,NA,2
8101683,Astragalus shortianus,Short's Milkvetch,G4,S1,NA,NA,NA,Tier 1,Plantae,Tracheophyta,Magnoliopsida,Fabales,Fabaceae,Astragalus,Astragalus shortianus,NA,NA,NA,0,NA,NA,0,NA,NA,1,1938,1938,1,1938,1938,1,1938,1938,3
8076188,Atriplex gardneri,Gardner's Saltbush,G5,S1,NA,NA,NA,NA,Plantae,Tracheophyta,Magnoliopsida,Caryophyllales,Amaranthaceae,Atriplex,Atriplex gardneri,NA,NA,NA,0,NA,NA,0,NA,NA,2,1930,1995,4,1930,1995,0,NA,NA,6
7219352,Eriogonum brevicaule var. brevicaule,Shortstem Buckwheat,T4,S1,NA,NA,NA,Tier 2,Plantae,Tracheophyta,Magnoliopsida,Caryophyllales,Polygonaceae,Eriogonum,Eriogonum brevicaule,NA,Eriogonum brevicaule brevicaule,NA,1,2004,2004,0,NA,NA,0,NA,NA,0,NA,NA,0,NA,NA,1
3066993,Euphorbia dentata,Toothed Spurge,G5,S1,NA,NA,NA,NA,Plantae,Tracheophyta,Magnoliopsida,Malpighiales,Euphorbiaceae,Euphorbia,Euphorbia dentata,NA,NA,NA,0,NA,NA,0,NA,NA,1,1999,1999,1,1999,1999,0,NA,NA,2
6396091,Heliotropium curassavicum var. obovatum,Seaside Heliotrope,T5,S1,NA,NA,NA,Tier 2,Plantae,Tracheophyta,Magnoliopsida,Boraginales,Heliotropiaceae,Heliotropium,Heliotropium curassavicum,NA,Heliotropium curassavicum obovatum,NA,0,NA,NA,0,NA,NA,1,2006,2006,1,2006,2006,1,2006,2006,3
4274385,Hymenoxys richardsonii var. richardsonii,Richardson's Bitterweed,T5,S1,NA,NA,NA,NA,Plantae,Tracheophyta,Magnoliopsida,Asterales,Asteraceae,Hymenoxys,Hymenoxys richardsonii,NA,Hymenoxys richardsonii richardsonii,NA,1,2009,2009,0,NA,NA,2,2009,2009,1,2009,2009,2,2009,2009,6
7764992,Penstemon haydenii,Blowout Penstemon,G2,S1,NA,Endangered,NA,Tier 1,Plantae,Tracheophyta,Magnoliopsida,Lamiales,Plantaginaceae,Penstemon,Penstemon haydenii,NA,NA,NA,19,1891,2022,0,NA,NA,0,NA,NA,0,NA,NA,0,NA,NA,19
4022595,Phemeranthus calycinus,Large-Flower Fameflower,G5,S1,NA,NA,NA,Tier 2,Plantae,Tracheophyta,Magnoliopsida,Caryophyllales,Montiaceae,Phemeranthus,Phemeranthus calycinus,NA,NA,NA,3,1900,2017,0,NA,NA,1,2017,2017,1,2018,2018,1,2018,2018,6
4022511,Phemeranthus rugospermus,Prairie Fameflower,G3,S3,NA,NA,NA,NA,Plantae,Tracheophyta,Magnoliopsida,Caryophyllales,Montiaceae,Phemeranthus,Phemeranthus rugospermus,NA,NA,NA,5,1995,2013,0,NA,NA,4,2013,2013,0,NA,NA,2,2013,2013,11
5341810,Physalis pumila,Dwarf Ground-cherry,G5,S1,NA,NA,NA,Tier 2,Plantae,Tracheophyta,Magnoliopsida,Solanales,Solanaceae,Physalis,Physalis pumila,NA,NA,NA,0,NA,NA,0,NA,NA,21,1889,2018,5,1889,2018,0,NA,NA,26
2888967,Rumex verticillatus,Swamp Dock,G5,S1,NA,NA,NA,Tier 2,Plantae,Tracheophyta,Magnoliopsida,Caryophyllales,Polygonaceae,Rumex,Rumex verticillatus,NA,NA,NA,1,2004,2004,0,NA,NA,1,2005,2005,1,2005,2005,1,2005,2005,4
4231219,Senecio integerrimus var. scribneri,Scribner's Ragwort,T2,S1,NA,NA,NA,Tier 2,Plantae,Tracheophyta,Magnoliopsida,Asterales,Asteraceae,Senecio,Senecio integerrimus,NA,Senecio integerrimus scribneri,NA,3,2004,2005,0,NA,NA,11,1975,2005,1,1996,1996,3,1975,1995,18
3141090,Stephanomeria runcinata,Desert Skeletonplant,G5,S2,NA,NA,NA,Tier 2,Plantae,Tracheophyta,Magnoliopsida,Asterales,Asteraceae,Stephanomeria,Stephanomeria runcinata,NA,NA,NA,1,2003,2003,0,NA,NA,2,2003,2003,0,NA,NA,1,2003,2003,4
3083649,Suckleya suckleyana,Poison Suckleya,G5,S1,NA,NA,NA,Tier 2,Plantae,Tracheophyta,Magnoliopsida,Caryophyllales,Amaranthaceae,Suckleya,Suckleya suckleyana,NA,NA,NA,1,1996,2004,0,NA,NA,3,1995,2004,1,1995,1995,2,1995,1995,7
3189588,Triadenum fraseri,Fraser's Marsh-St. John's-wort,G5,S2,NA,NA,NA,Tier 2,Plantae,Tracheophyta,Magnoliopsida,Malpighiales,Hypericaceae,Triadenum,Triadenum fraseri,NA,NA,NA,3,1893,1933,0,NA,NA,0,NA,NA,0,NA,NA,0,NA,NA,3
